constructorStandingsId,raceId,constructorId,points,position,positionText,wins
1,18,1,14,1,1,1
3,18,3,9,2,2,0
6,18,6,1,6,6,0
7,19,1,24,1,1,1
9,19,3,9,4,4,0
12,19,6,11,3,3,1
14,19,9,2,7,7,0
18,20,1,28,3,3,1
20,20,3,10,4,4,0
23,20,6,29,2,2,2
25,20,9,4,7,7,0
29,21,1,34,3,3,1
31,21,3,12,4,4,0
34,21,6,47,1,1,3
36,21,9,8,6,6,0
40,22,1,42,3,3,1
42,22,3,13,4,4,0
45,22,6,63,1,1,4
47,22,9,10,5,5,0
51,23,1,53,2,2,2
53,23,3,15,4,4,0
56,23,6,69,1,1,4
58,23,9,15,5,5,0
62,24,1,53,3,3,2
64,24,3,15,6,6,0
67,24,6,73,1,1,4
69,24,9,21,4,4,0
73,25,1,58,3,3,2
75,25,3,15,6,6,0
78,25,6,91,1,1,5
80,25,9,24,4,4,0
84,26,1,72,3,3,3
86,26,3,16,6,6,0
89,26,6,96,1,1,5
91,26,9,24,5,5,0
95,27,1,86,3,3,4
97,27,3,16,7,7,0
100,27,6,105,1,1,5
102,27,9,24,5,5,0
106,28,1,100,2,2,5
108,28,3,16,7,7,0
111,28,6,111,1,1,5
113,28,9,24,6,6,0
117,29,1,113,2,2,5
119,29,3,17,7,7,0
122,29,6,121,1,1,6
124,29,9,24,6,6,0
128,30,1,119,2,2,5
130,30,3,17,7,7,0
133,30,6,131,1,1,7
135,30,9,25,6,6,0
139,31,1,129,2,2,5
141,31,3,17,8,8,0
144,31,6,134,1,1,7
146,31,9,26,7,7,0
150,32,1,135,1,1,5
152,32,3,26,8,8,0
155,32,6,134,2,2,7
157,32,9,28,7,7,0
161,33,1,135,2,2,5
163,33,3,26,8,8,0
166,33,6,142,1,1,7
168,33,9,29,7,7,0
1640,34,9,29,7,7,0
1638,34,6,156,1,1,7
1635,34,3,26,8,8,0
1633,34,1,145,2,2,6
183,35,1,151,2,2,6
185,35,3,26,8,8,0
188,35,6,172,1,1,8
190,35,9,29,7,7,0
25741,36,9,0,8,8,0
25737,36,3,2,4,4,0
25752,37,9,0,6,6,0
25748,37,3,2,5,5,0
25763,38,9,0,6,6,0
25759,38,3,2,5,5,0
25756,38,1,44,11,E,1
25755,38,6,39,1,1,2
25774,39,9,4,6,6,0
25770,39,3,5,4,4,0
25767,39,1,58,11,E,1
25785,40,9,4,6,6,0
25781,40,3,7,4,4,0
25778,40,1,76,11,E,2
25796,41,9,4,6,6,0
25792,41,3,13,4,4,0
25789,41,1,88,11,E,3
25807,42,9,6,6,6,0
25803,42,3,13,4,4,0
25800,42,1,106,11,E,4
25818,43,9,6,6,6,0
25814,43,3,13,4,4,0
25811,43,1,114,11,E,4
25829,44,9,6,6,6,0
25825,44,3,13,4,4,0
25822,44,1,128,11,E,5
25840,45,9,16,5,5,0
25836,45,3,18,4,4,0
25833,45,1,138,11,E,5
25851,46,9,16,5,5,0
25847,46,3,20,4,4,0
25844,46,1,138,11,E,6
25862,47,9,16,5,5,0
25858,47,3,22,4,4,0
25855,47,1,148,11,E,6
25873,48,9,16,5,5,0
25869,48,3,25,4,4,0
25866,48,1,166,11,E,7
25884,49,9,18,5,5,0
25880,49,3,28,4,4,0
25877,49,1,192,11,E,7
25895,50,9,23,5,5,0
25891,50,3,28,4,4,0
25888,50,1,202,11,E,8
25906,51,9,24,5,5,0
25902,51,3,28,4,4,0
25899,51,1,210,11,E,8
25917,52,9,24,5,5,0
25913,52,3,33,4,4,0
25910,52,1,218,11,E,8
6322,53,9,1,6,6,0
6321,53,3,5,5,5,0
6319,53,1,10,2,2,0
6318,53,6,8,3,3,0
6333,54,9,1,8,8,0
6332,54,3,5,5,5,0
6330,54,1,15,3,3,0
6329,54,6,15,2,2,0
6344,55,9,2,8,8,0
6343,55,3,5,7,7,0
6341,55,1,23,2,2,0
6340,55,6,15,3,3,0
6355,56,9,2,8,8,0
6354,56,3,8,6,6,0
6352,56,1,33,2,2,0
6351,56,6,30,3,3,1
6366,57,9,2,8,8,0
6365,57,3,10,6,6,0
6363,57,1,38,3,3,0
6362,57,6,46,2,2,2
6377,58,9,2,8,8,0
6376,58,3,10,6,6,0
6374,58,1,42,3,3,0
6373,58,6,59,2,2,2
6388,59,9,8,8,8,0
6387,59,3,10,6,6,0
6385,59,1,50,3,3,0
6384,59,6,63,2,2,2
6399,60,9,8,8,8,0
6398,60,3,10,6,6,0
6396,60,1,59,3,3,0
6395,60,6,75,2,2,2
6410,61,9,9,8,8,0
6409,61,3,10,7,7,0
6407,61,1,65,3,3,0
6406,61,6,87,2,2,2
6421,62,9,11,7,7,0
6420,62,3,10,8,8,0
6418,62,1,65,3,3,0
6417,62,6,105,2,2,3
6432,63,9,11,7,7,0
6431,63,3,10,8,8,0
6429,63,1,71,3,3,0
6428,63,6,121,2,2,4
6443,64,9,12,7,7,0
6442,64,3,10,8,8,0
6440,64,1,77,3,3,0
6439,64,6,139,2,2,5
6454,65,9,16,7,7,0
6453,65,3,10,8,8,0
6451,65,1,85,3,3,0
6450,65,6,142,2,2,5
6465,66,9,16,7,7,0
6464,66,3,10,8,8,0
6462,66,1,89,3,3,0
6461,66,6,158,2,2,6
6476,67,9,16,7,7,0
6475,67,3,10,8,8,0
6473,67,1,97,3,3,0
6472,67,6,168,1,1,7
6488,68,9,16,7,7,0
6487,68,3,11,8,8,0
6485,68,1,101,3,3,0
6484,68,6,178,2,2,8
6500,69,9,16,7,7,0
6499,69,3,11,8,8,0
6497,69,1,105,3,3,0
6496,69,6,186,2,2,8
6512,70,9,16,7,7,0
6511,70,3,11,8,8,0
6509,70,1,110,3,3,0
6508,70,6,201,2,2,9
27947,71,1,4,5,5,0
27946,71,3,4,4,4,0
27945,71,9,7,3,3,0
27944,71,6,8,2,2,0
27957,72,1,9,6,6,0
27956,72,3,10,5,5,0
27955,72,9,11,3,3,0
27954,72,6,10,4,4,0
27967,73,1,19,3,3,0
27966,73,3,13,4,4,0
27965,73,9,12,5,5,0
27964,73,6,10,6,6,0
27977,74,1,25,3,3,0
27976,74,3,18,5,5,0
27975,74,9,13,6,6,0
27974,74,6,18,4,4,0
27987,75,1,37,3,3,1
27986,75,3,21,4,4,0
27985,75,9,14,6,6,0
27984,75,6,18,5,5,0
27997,76,1,51,2,2,2
27996,76,3,35,4,4,0
27995,76,9,14,6,6,0
27994,76,6,21,5,5,0
28007,77,1,53,2,2,2
28006,77,3,43,4,4,0
28005,77,9,19,6,6,0
28004,77,6,31,5,5,0
28017,78,1,63,2,2,3
28016,78,3,47,3,3,0
28015,78,9,22,6,6,0
28014,78,6,45,5,5,0
28027,79,1,63,2,2,3
28026,79,3,47,4,4,0
28025,79,9,22,6,6,0
28024,79,6,63,3,3,1
28037,80,1,71,2,2,3
28036,80,3,47,5,5,0
28035,80,9,22,6,6,0
28034,80,6,69,3,3,1
28047,81,1,87,2,2,4
28046,81,3,47,5,5,0
28045,81,9,22,6,6,0
28044,81,6,74,3,3,1
28057,82,1,95,2,2,4
28056,82,3,47,5,5,0
28055,82,9,24,6,6,0
28054,82,6,78,3,3,1
28067,83,1,105,2,2,5
28066,83,3,52,5,5,0
28065,83,9,24,6,6,0
28064,83,6,86,3,3,1
28077,84,1,121,2,2,6
28076,84,3,52,5,5,0
28075,84,9,27,6,6,0
28074,84,6,86,3,3,1
28087,85,1,136,2,2,7
28086,85,3,54,5,5,0
28085,85,9,27,6,6,0
28084,85,6,86,3,3,1
28097,86,1,146,2,2,8
28096,86,3,59,5,5,0
28095,86,9,27,7,7,0
28094,86,6,90,3,3,1
28107,87,1,164,1,1,9
28106,87,3,59,5,5,0
28105,87,9,27,7,7,0
28104,87,6,98,3,3,1
28117,88,1,174,2,2,10
28116,88,3,64,5,5,0
28115,88,9,30,7,7,0
28114,88,6,100,3,3,1
28127,89,1,182,2,2,10
28126,89,3,66,5,5,0
28125,89,9,34,7,7,0
28124,89,6,100,3,3,1
6142,90,1,1,5,5,0
6140,90,3,9,2,2,0
6138,90,6,18,1,1,1
6151,91,1,4,5,5,0
6149,91,3,17,2,2,0
6147,91,6,33,1,1,2
6161,92,1,4,5,5,0
6159,92,3,19,3,3,0
6157,92,6,51,1,1,3
6171,93,1,5,5,5,0
6169,93,3,27,4,4,0
6167,93,6,64,1,1,4
6181,94,1,5,5,5,0
6179,94,3,30,4,4,0
6177,94,6,82,1,1,5
6191,95,1,5,6,6,0
6189,95,3,35,4,4,0
6187,95,6,88,1,1,5
6201,96,1,5,6,6,0
6199,96,3,36,4,4,0
6197,96,6,106,1,1,6
6211,97,1,12,6,6,0
6209,97,3,36,4,4,0
6207,97,6,124,1,1,7
6221,98,1,17,5,5,0
6219,98,3,36,4,4,0
6217,98,6,142,1,1,8
6231,99,1,22,5,5,0
6229,99,3,37,4,4,0
6227,99,6,158,1,1,9
6241,100,1,32,5,5,0
6239,100,3,41,4,4,0
6237,100,6,174,1,1,10
6251,101,1,37,5,5,0
6249,101,3,47,4,4,0
6247,101,6,184,1,1,11
6261,102,1,37,5,5,0
6259,102,3,54,4,4,0
6257,102,6,202,1,1,12
6271,103,1,49,5,5,1
6269,103,3,54,4,4,0
6267,103,6,216,1,1,12
6281,104,1,52,5,5,1
6279,104,3,60,4,4,0
6277,104,6,234,1,1,13
6291,105,1,58,5,5,1
6289,105,3,64,4,4,0
6287,105,6,244,1,1,14
6301,106,1,61,5,5,1
6299,106,3,74,4,4,0
6297,106,6,254,1,1,15
6311,107,1,69,5,5,1
6309,107,3,88,4,4,1
6307,107,6,262,1,1,15
5984,108,6,5,4,4,0
5983,108,3,9,2,2,0
5982,108,1,16,1,1,1
5991,109,6,16,2,2,0
5990,109,3,14,4,4,0
5989,109,1,26,1,1,2
6000,110,6,16,3,3,0
5999,110,3,16,4,4,0
5998,110,1,39,1,1,2
6010,111,6,32,2,2,1
6009,111,3,23,4,4,0
6008,111,1,51,1,1,2
6020,112,6,48,2,2,2
6019,112,3,32,4,4,0
6018,112,1,51,1,1,2
6030,113,6,64,1,1,3
6029,113,3,35,4,4,0
6028,113,1,63,2,2,2
6040,114,6,71,2,2,3
6039,114,3,50,3,3,1
6038,114,1,73,1,1,2
6050,115,6,85,1,1,4
6049,115,3,64,3,3,1
6048,115,1,76,2,2,2
6060,116,6,95,1,1,4
6059,116,3,82,2,2,2
6058,116,1,76,3,3,2
6070,117,6,103,1,1,4
6069,117,3,100,2,2,3
6068,117,1,85,3,3,2
6080,118,6,118,1,1,5
6079,118,3,108,2,2,3
6078,118,1,95,3,3,2
6090,119,6,120,1,1,5
6089,119,3,118,2,2,4
6088,119,1,103,3,3,2
6100,120,6,121,2,2,5
6099,120,3,129,1,1,4
6098,120,1,115,3,3,2
6110,121,6,137,2,2,6
6109,121,3,141,1,1,4
6108,121,1,120,3,3,2
6120,122,6,147,1,1,7
6119,122,3,144,2,2,4
6118,122,1,128,3,3,2
6130,123,6,158,1,1,8
6129,123,3,144,2,2,4
6128,123,1,142,3,3,2
5802,124,1,4,3,3,0
5801,124,3,6,2,2,0
5800,124,6,10,1,1,1
5808,125,1,4,3,3,0
5807,125,3,22,1,1,1
5806,125,6,14,2,2,1
5819,126,1,8,3,3,0
5818,126,3,30,1,1,1
5817,126,6,24,2,2,2
5830,127,1,9,3,3,0
5829,127,3,37,2,2,1
5828,127,6,40,1,1,3
5841,128,1,13,3,3,0
5840,128,3,43,2,2,1
5839,128,6,50,1,1,4
5852,129,1,14,3,3,0
5851,129,3,50,2,2,1
5850,129,6,66,1,1,5
5863,130,1,24,3,3,1
5862,130,3,54,2,2,1
5861,130,6,72,1,1,5
5874,131,1,33,3,3,1
5873,131,3,54,2,2,1
5872,131,6,86,1,1,6
5885,132,1,37,3,3,1
5884,132,3,57,2,2,1
5883,132,6,102,1,1,7
5896,133,1,37,3,3,1
5895,133,3,61,2,2,1
5894,133,6,118,1,1,8
5907,134,1,47,3,3,1
5906,134,3,66,2,2,1
5905,134,6,128,1,1,9
5918,135,1,49,3,3,1
5917,135,3,76,2,2,1
5916,135,6,141,1,1,10
5929,136,1,54,3,3,1
5928,136,3,80,2,2,1
5927,136,6,157,1,1,11
5940,137,1,57,3,3,1
5939,137,3,86,2,2,1
5938,137,6,173,1,1,12
5951,138,1,57,3,3,1
5950,138,3,86,2,2,1
5949,138,6,189,1,1,13
5962,139,1,61,3,3,1
5961,139,3,89,2,2,1
5960,139,6,205,1,1,14
5973,140,1,65,3,3,1
5972,140,3,92,2,2,1
5971,140,6,221,1,1,15
5615,141,1,6,2,2,0
5614,141,6,14,1,1,1
5634,142,3,2,5,5,0
5625,142,1,11,2,2,0
5624,142,6,30,1,1,2
5645,143,3,2,6,6,0
5636,143,1,21,2,2,1
5635,143,6,36,1,1,2
5656,144,3,12,3,3,1
5647,144,1,30,2,2,1
5646,144,6,40,1,1,2
5667,145,3,18,3,3,1
5658,145,1,32,2,2,1
5657,145,6,50,1,1,3
5678,146,3,18,3,3,1
5669,146,1,42,2,2,2
5668,146,6,60,1,1,3
5689,147,3,18,3,3,1
5680,147,1,44,2,2,2
5679,147,6,76,1,1,4
5700,148,3,28,3,3,2
5691,148,1,48,2,2,2
5690,148,6,82,1,1,4
5711,149,3,37,3,3,2
5702,149,1,53,2,2,2
5701,149,6,94,1,1,5
5722,150,3,43,3,3,2
5713,150,1,56,2,2,2
5712,150,6,108,1,1,6
5733,151,3,46,3,3,2
5724,151,1,66,2,2,3
5723,151,6,118,1,1,6
5744,152,3,56,3,3,3
5735,152,1,66,2,2,3
5734,152,6,124,1,1,6
5755,153,3,59,3,3,3
5746,153,1,72,2,2,3
5745,153,6,140,1,1,7
5766,154,3,59,3,3,3
5757,154,1,81,2,2,3
5756,154,6,152,1,1,8
5777,155,3,73,3,3,4
5768,155,1,81,2,2,3
5767,155,6,161,1,1,8
5788,156,3,73,3,3,4
5779,156,1,95,2,2,4
5778,156,6,167,1,1,8
5799,157,3,80,3,3,4
5790,157,1,102,2,2,4
5789,157,6,179,1,1,9
1454,158,6,16,1,1,1
1455,158,3,4,2,2,0
1460,159,6,26,1,1,2
1461,159,3,7,4,4,0
1468,160,6,39,1,1,3
1469,160,3,7,5,5,0
1476,160,1,10,2,2,0
1479,161,6,43,1,1,3
1480,161,3,12,3,3,0
1487,161,1,26,2,2,1
1490,162,6,49,1,1,3
1491,162,3,15,3,3,0
1498,162,1,42,2,2,2
1501,163,6,62,1,1,4
1502,163,3,15,3,3,0
1509,163,1,52,2,2,2
1512,164,6,68,1,1,4
1513,164,3,15,3,3,0
1520,164,1,63,2,2,3
1523,165,6,84,1,1,5
1524,165,3,15,4,4,0
1531,165,1,66,2,2,3
1534,166,6,88,1,1,5
1535,166,3,17,4,4,0
1542,166,1,82,2,2,4
1545,167,6,92,2,2,5
1546,167,3,19,3,3,0
1553,167,1,98,1,1,5
1556,168,6,102,2,2,6
1557,168,3,22,3,3,0
1564,168,1,108,1,1,5
1567,169,6,111,2,2,6
1568,169,3,24,3,3,0
1575,169,1,122,1,1,6
1578,170,6,117,2,2,6
1579,170,3,30,3,3,0
1586,170,1,135,1,1,7
1589,171,6,127,2,2,7
1590,171,3,34,3,3,0
1597,171,1,141,1,1,7
1600,172,6,143,1,1,8
1601,172,3,34,3,3,0
1608,172,1,143,2,2,7
1611,173,6,156,1,1,9
1612,173,3,36,3,3,0
1619,173,1,153,2,2,7
1622,174,6,170,1,1,10
1623,174,3,36,3,3,0
1630,174,1,162,2,2,7
5447,175,3,4,3,3,0
5445,175,6,10,1,1,1
5457,176,1,10,2,2,1
5453,176,3,7,4,4,0
5466,177,1,16,2,2,1
5462,177,3,7,4,4,0
5460,177,6,28,1,1,2
5451,176,6,18,1,1,1
5477,178,1,20,2,2,1
5473,178,3,7,5,5,0
5471,178,6,44,1,1,3
5488,179,1,36,2,2,2
5484,179,3,9,4,4,0
5482,179,6,51,1,1,3
5499,180,1,46,2,2,3
5495,180,3,12,5,5,0
5493,180,6,55,1,1,3
5510,181,1,52,2,2,3
5506,181,3,15,4,4,0
5504,181,6,58,1,1,3
5521,182,1,62,2,2,4
5517,182,3,19,4,4,0
5515,182,6,64,1,1,3
5532,183,1,72,2,2,4
5528,183,3,19,4,4,0
5526,183,6,74,1,1,4
5543,184,1,74,2,2,4
5539,184,3,22,4,4,0
5537,184,6,90,1,1,5
5554,185,1,90,2,2,5
5550,185,3,22,4,4,0
5548,185,6,94,1,1,5
5565,186,1,106,1,1,6
5561,186,3,24,4,4,0
5559,186,6,97,2,2,5
5576,187,1,108,1,1,6
5572,187,3,30,4,4,0
5570,187,6,102,2,2,5
5587,188,1,110,1,1,6
5583,188,3,33,4,4,0
5581,188,6,102,2,2,5
5598,189,1,114,2,2,6
5594,189,3,33,5,5,0
5592,189,6,118,1,1,6
5609,190,1,124,2,2,7
5605,190,3,35,5,5,0
5603,190,6,128,1,1,6
2055,191,1,16,1,1,1
2056,191,3,6,2,2,0
2057,191,6,3,3,3,0
2062,192,1,32,1,1,2
2063,192,3,8,2,2,0
2064,192,6,7,3,3,0
2070,193,1,39,1,1,2
2071,193,3,8,3,3,0
2072,193,6,21,2,2,1
2080,194,1,49,1,1,3
2081,194,3,13,3,3,0
2082,194,6,31,2,2,1
2091,195,1,65,1,1,4
2092,195,3,14,3,3,0
2093,195,6,35,2,2,1
2102,196,1,75,1,1,5
2103,196,3,16,4,4,0
2104,196,6,39,2,2,1
2113,197,1,75,1,1,5
2114,197,3,16,4,4,0
2115,197,6,53,2,2,2
2124,198,1,80,1,1,5
2125,198,3,19,4,4,0
2126,198,6,69,2,2,3
2135,199,1,86,1,1,5
2136,199,3,19,4,4,0
2137,199,6,83,2,2,4
2146,200,1,102,1,1,6
2147,200,3,20,4,4,0
2148,200,6,90,2,2,4
2157,201,1,118,1,1,7
2158,201,3,24,4,4,0
2159,201,6,92,2,2,4
2168,202,1,125,1,1,7
2169,202,3,30,4,4,0
2170,202,6,102,2,2,5
2179,203,1,125,1,1,7
2180,203,3,33,3,3,0
2181,203,6,102,2,2,5
2190,204,1,128,1,1,7
2191,204,3,33,3,3,0
2192,204,6,118,2,2,6
2201,205,1,142,1,1,8
2202,205,3,35,3,3,0
2203,205,6,127,2,2,6
2212,206,1,156,1,1,9
2213,206,3,38,3,3,0
2214,206,6,133,2,2,6
5255,207,3,0,6,6,0
5251,207,6,6,2,2,0
5250,207,1,14,1,1,1
5263,208,3,10,2,2,1
5259,208,6,8,4,4,0
5258,208,1,17,1,1,1
5273,209,3,20,1,1,2
5269,209,6,14,3,3,0
5268,209,1,19,2,2,1
5284,210,3,30,1,1,3
5280,210,6,24,2,2,0
5279,210,1,20,3,3,1
5295,211,3,30,2,2,3
5291,211,6,38,1,1,1
5290,211,1,20,3,3,1
25360,212,3,40,2,2,4
25356,212,6,41,1,1,1
25355,212,1,21,3,3,1
25372,213,3,43,2,2,4
25368,213,6,51,1,1,2
25367,213,1,21,4,4,1
25384,214,3,52,2,2,4
25380,214,6,65,1,1,3
25379,214,1,21,4,4,1
25396,215,3,62,2,2,5
25392,215,6,65,1,1,3
25391,215,1,24,4,4,1
25408,216,3,62,2,2,5
25404,216,6,71,1,1,3
25403,216,1,28,4,4,1
25420,217,3,72,2,2,6
25416,217,6,74,1,1,3
25415,217,1,28,4,4,1
25432,218,3,78,2,2,6
25428,218,6,84,1,1,4
25427,218,1,28,4,4,1
25444,219,3,84,2,2,6
25440,219,6,85,1,1,4
25439,219,1,38,4,4,2
25456,220,3,98,1,1,7
25452,220,6,86,2,2,4
25451,220,1,44,4,4,2
25468,221,3,112,1,1,8
25464,221,6,86,2,2,4
25463,221,1,44,4,4,2
25480,222,3,118,1,1,8
25476,222,6,100,2,2,5
25475,222,1,47,4,4,2
25492,223,3,123,1,1,8
25488,223,6,102,2,2,5
25487,223,1,63,4,4,3
2418,224,3,16,1,1,1
2419,224,6,4,2,2,0
2421,224,1,2,4,4,0
2426,225,3,26,1,1,2
2427,225,6,8,3,3,0
2429,225,1,5,4,4,0
2437,226,3,42,1,1,3
2438,226,6,10,3,3,0
2440,226,1,5,4,4,0
2448,227,3,55,1,1,4
2449,227,6,16,2,2,0
2451,227,1,9,4,4,0
2459,228,3,65,1,1,5
2460,228,6,25,2,2,0
2462,228,1,9,4,4,0
2470,229,3,65,1,1,5
2471,229,6,25,2,2,0
2473,229,1,16,4,4,0
2481,230,3,69,1,1,5
2482,230,6,35,2,2,1
2484,230,1,18,4,4,0
2492,231,3,85,1,1,6
2493,231,6,35,2,2,1
2495,231,1,23,4,4,0
2503,232,3,101,1,1,7
2504,232,6,35,2,2,1
2506,232,1,26,4,4,0
2514,233,3,111,1,1,8
2515,233,6,35,3,3,1
2517,233,1,32,4,4,0
2525,234,3,125,1,1,9
2526,234,6,38,3,3,1
2528,234,1,34,4,4,0
2536,235,3,141,1,1,10
2537,235,6,38,3,3,1
2539,235,1,37,4,4,0
2547,236,3,149,1,1,10
2548,236,6,48,3,3,2
2550,236,1,41,4,4,0
2558,237,3,149,1,1,10
2559,237,6,58,3,3,3
2561,237,1,45,4,4,0
2569,238,3,165,1,1,11
2570,238,6,64,3,3,3
2572,238,1,45,4,4,0
2580,239,3,175,1,1,12
2581,239,6,70,2,2,3
2583,239,1,49,4,4,0
5040,240,1,4,4,4,0
5039,240,6,6,3,3,0
5038,240,3,6,2,2,0
5048,241,1,4,4,4,0
5047,241,6,13,3,3,0
5046,241,3,16,2,2,1
5058,242,1,6,4,4,0
5057,242,6,23,2,2,0
5056,242,3,29,1,1,2
5071,243,1,6,4,4,0
5070,243,6,27,3,3,0
5069,243,3,32,2,2,2
5084,244,1,8,4,4,0
5083,244,6,31,3,3,0
5082,244,3,38,2,2,2
5097,245,1,8,5,5,0
5096,245,6,41,2,2,1
5095,245,3,38,3,3,2
5110,246,1,8,5,5,0
5109,246,6,43,3,3,1
5108,246,3,48,2,2,2
5123,247,1,10,6,6,0
5122,247,6,49,3,3,1
5121,247,3,52,2,2,2
5136,248,1,10,6,6,0
5135,248,6,53,3,3,1
5134,248,3,58,2,2,2
5149,249,1,10,6,6,0
5148,249,6,57,3,3,1
5147,249,3,74,2,2,3
5162,250,1,12,6,6,0
5161,250,6,57,3,3,1
5160,250,3,80,2,2,3
5175,251,1,21,4,4,0
5174,251,6,57,3,3,1
5173,251,3,80,2,2,3
5188,252,1,21,4,4,0
5187,252,6,62,3,3,1
5186,252,3,94,2,2,4
5201,253,1,21,4,4,0
5200,253,6,68,3,3,1
5199,253,3,98,2,2,4
5214,254,1,21,4,4,0
5213,254,6,73,3,3,1
5212,254,3,108,2,2,4
5227,255,1,27,4,4,0
5226,255,6,73,3,3,1
5225,255,3,108,2,2,4
5240,256,1,30,4,4,0
5239,256,6,73,3,3,1
5238,256,3,118,2,2,5
25515,257,6,4,3,3,0
25514,257,3,6,2,2,0
25538,258,1,0,13,13,0
25529,258,6,10,2,2,0
25528,258,3,6,4,4,0
25552,259,1,4,6,6,0
25543,259,6,16,2,2,0
25542,259,3,7,3,3,0
25566,260,1,10,3,3,0
25557,260,6,22,2,2,0
25556,260,3,7,5,5,0
25580,261,1,10,5,5,0
25571,261,6,25,2,2,0
25570,261,3,17,3,3,1
25594,262,1,10,5,5,0
25585,262,6,32,2,2,0
25584,262,3,25,3,3,1
25608,263,1,10,5,5,0
25599,263,6,36,2,2,0
25598,263,3,31,3,3,1
25622,264,1,14,4,4,0
25613,264,6,42,3,3,0
25612,264,3,43,2,2,2
25636,265,1,14,4,4,0
25627,265,6,52,2,2,1
25626,265,3,43,3,3,2
25650,266,1,17,4,4,0
25641,266,6,52,2,2,1
25640,266,3,49,3,3,2
25664,267,1,23,4,4,0
25655,267,6,52,3,3,1
25654,267,3,62,2,2,3
25678,268,1,29,4,4,0
25669,268,6,58,3,3,1
25668,268,3,73,2,2,4
25692,269,1,34,4,4,0
25683,269,6,58,3,3,1
25682,269,3,89,1,1,5
25706,270,1,38,4,4,0
25697,270,6,60,3,3,1
25696,270,3,95,2,2,5
25720,271,1,38,4,4,0
25711,271,6,64,3,3,1
25710,271,3,108,1,1,6
25510,272,1,42,4,4,0
25501,272,6,71,3,3,1
25500,272,3,118,1,1,7
4640,273,6,1,6,6,0
4636,273,1,6,2,2,0
4635,273,3,10,1,1,1
4647,274,6,1,8,8,0
4643,274,1,16,1,1,1
4642,274,3,16,2,2,1
4658,275,6,1,8,8,0
4654,275,1,26,1,1,2
4653,275,3,26,2,2,1
4670,276,6,1,9,9,0
4666,276,1,26,2,2,2
4665,276,3,36,1,1,2
4682,277,6,2,9,9,0
4678,277,1,34,2,2,2
4677,277,3,46,1,1,3
4694,278,6,6,7,7,0
4690,278,1,44,2,2,3
4689,278,3,55,1,1,3
4707,279,6,9,5,5,0
4703,279,1,44,2,2,3
4702,279,3,69,1,1,4
4720,280,6,9,5,5,0
4716,280,1,48,2,2,3
4715,280,3,85,1,1,5
4733,281,6,9,6,6,0
4729,281,1,50,2,2,3
4728,281,3,95,1,1,6
4746,282,6,10,5,5,0
4742,282,1,53,2,2,3
4741,282,3,105,1,1,7
4759,283,6,14,5,5,0
4755,283,1,53,2,2,3
4754,283,3,115,1,1,8
4772,284,6,14,5,5,0
4768,284,1,56,3,3,3
4767,284,3,129,1,1,9
4785,285,6,20,5,5,0
4781,285,1,60,3,3,3
4780,285,3,139,1,1,10
4798,286,6,23,4,4,0
4794,286,1,60,3,3,3
4793,286,3,149,1,1,10
4811,287,6,23,4,4,0
4807,287,1,74,2,2,4
4806,287,3,158,1,1,10
4824,288,6,28,4,4,0
4820,288,1,84,2,2,5
4819,288,3,168,1,1,10
3248,289,1,6,2,2,0
3247,289,3,16,1,1,1
3256,290,3,32,1,1,2
3257,290,1,9,2,2,0
3267,291,3,48,1,1,3
3268,291,1,9,3,3,0
3278,291,6,5,4,4,0
3322,293,3,74,1,1,5
3319,292,6,9,4,4,0
3309,292,1,12,3,3,0
3308,292,3,58,1,1,4
3323,293,1,16,3,3,0
3333,293,6,9,4,4,0
3336,294,3,84,1,1,5
3337,294,1,26,2,2,1
3347,294,6,9,4,4,0
3350,295,3,84,1,1,5
3351,295,1,36,2,2,2
3361,295,6,13,4,4,0
3364,296,3,100,1,1,6
3365,296,1,36,2,2,2
3375,296,6,13,4,4,0
3378,297,3,116,1,1,7
3379,297,1,38,3,3,2
3389,297,6,13,4,4,0
3393,298,3,126,1,1,8
3394,298,1,44,3,3,2
3404,298,6,15,4,4,0
3408,299,3,132,1,1,8
3409,299,1,58,2,2,3
3419,299,6,16,4,4,0
3423,300,3,142,1,1,8
3424,300,1,60,3,3,3
3434,300,6,16,4,4,0
3438,301,3,144,1,1,8
3439,301,1,73,3,3,4
3449,301,6,16,4,4,0
3453,302,3,154,1,1,9
3454,302,1,83,2,2,4
3464,302,6,16,4,4,0
3468,303,3,164,1,1,10
3469,303,1,89,2,2,4
3479,303,6,18,4,4,0
3483,304,3,164,1,1,10
3484,304,1,99,2,2,5
3494,304,6,21,4,4,0
8241,305,3,0,12,12,0
8259,306,3,6,3,3,0
8277,307,3,6,3,3,0
8296,308,3,12,3,3,0
8315,309,3,17,3,3,0
8334,310,3,33,2,2,1
8353,311,3,45,2,2,2
8372,312,3,55,2,2,3
8391,313,3,71,1,1,4
8410,314,3,81,2,2,4
8429,315,3,83,2,2,4
8448,316,3,93,2,2,5
8467,317,3,103,2,2,6
8457,317,6,43,3,3,0
8486,318,3,117,1,1,7
8476,318,6,52,3,3,0
8505,319,3,121,2,2,7
8495,319,6,55,3,3,0
8524,320,3,125,2,2,7
8514,320,6,55.5,3,3,0
7626,321,3,4,3,3,0
7624,321,1,9,1,1,1
7653,322,6,12,2,2,1
7645,322,3,6,4,4,0
7643,322,1,19,1,1,1
7672,323,6,15,3,3,1
7664,323,3,15,2,2,1
7662,323,1,25,1,1,1
7691,324,6,15,3,3,1
7683,324,3,18,2,2,1
7681,324,1,38,1,1,2
7710,325,6,21,2,2,1
7702,325,3,18,3,3,1
7700,325,1,50,1,1,3
7729,326,6,36,2,2,2
7721,326,3,20,3,3,1
7719,326,1,54,1,1,3
7748,327,6,45,2,2,3
7740,327,3,21,4,4,1
7738,327,1,60,1,1,3
7767,328,6,54,2,2,4
7759,328,3,27,3,3,1
7757,328,1,64,1,1,3
7786,329,6,57,2,2,4
7778,329,3,30,4,4,1
7776,329,1,77,1,1,4
7805,330,6,57,2,2,4
7797,330,3,42,3,3,2
7795,330,1,83,1,1,4
7824,331,6,63,2,2,4
7816,331,3,42,3,3,2
7814,331,1,96,1,1,5
7843,332,6,72,2,2,4
7835,332,3,44,3,3,2
7833,332,1,109,1,1,6
7862,333,6,85,2,2,5
7854,333,3,44,3,3,2
7852,333,1,118,1,1,6
7881,334,6,100,2,2,6
7873,334,3,49,3,3,2
7871,334,1,118,1,1,6
7900,335,6,100,2,2,6
7892,335,3,54,4,4,2
7890,335,1,118,1,1,6
7919,336,6,110,2,2,6
7911,336,3,57,4,4,2
7909,336,1,121,1,1,6
4046,1,6,0,9,9,0
4045,1,9,0,8,8,0
4041,1,3,3,4,4,0
8541,2,6,0,10,10,0
8540,2,9,1.5,7,7,0
8536,2,3,3.5,5,5,0
8533,2,1,1,8,8,0
25734,36,1,14,11,E,0
25745,37,1,32,11,E,1
25744,37,6,23,1,1,1
25766,39,6,49,1,1,3
25777,40,6,56,1,1,3
25788,41,6,60,1,1,3
25799,42,6,71,1,1,3
25810,43,6,89,1,1,4
25821,44,6,103,1,1,5
25832,45,6,111,1,1,5
25843,46,6,119,1,1,5
25854,47,6,137,1,1,6
25865,48,6,143,1,1,6
25876,49,6,161,1,1,7
25887,50,6,170,1,1,7
25898,51,6,186,1,1,8
25909,52,6,204,1,1,9
7634,321,6,0,11,11,0
8231,305,6,6,2,2,0
8230,305,1,10,1,1,1
8249,306,6,10,2,2,0
8248,306,1,24,1,1,2
8267,307,6,10,2,2,0
8266,307,1,40,1,1,3
8286,308,6,16,2,2,0
8285,308,1,50,1,1,4
8305,309,6,16,4,4,0
8304,309,1,50,1,1,4
8323,310,1,54,1,1,4
8324,310,6,16,4,4,0
8342,311,1,58,1,1,4
8343,311,6,25,3,3,0
8361,312,1,67,1,1,4
8362,312,6,29,3,3,0
8380,313,1,70,2,2,4
8381,313,6,33,3,3,0
8399,314,1,83,1,1,5
8400,314,6,35,3,3,0
8419,315,6,35,3,3,0
8418,315,1,99,1,1,6
8438,316,6,39,3,3,0
8437,316,1,108,1,1,6
8456,317,1,114,1,1,6
8475,318,1,116,2,2,6
8494,319,1,132,1,1,7
8513,320,1,139,1,1,8
8570,3,9,19.5,2,2,1
8571,3,6,0,9,9,0
8566,3,3,3.5,8,8,0
8563,3,1,8,4,4,0
8590,4,9,27.5,2,2,1
8583,4,1,13,4,4,0
8591,4,6,3,9,9,0
8586,4,3,3.5,8,8,0
8593,5,1,13,4,4,0
8596,5,3,4.5,8,8,0
8600,5,9,38.5,2,2,1
8601,5,6,6,7,7,0
8681,6,6,17,4,4,0
8680,6,9,42.5,2,2,1
8676,6,3,7.5,7,7,0
8673,6,1,13,5,5,0
8651,7,6,20,4,4,0
8643,7,1,13,5,5,0
8650,7,9,56.5,2,2,1
8646,7,3,11.5,6,6,0
8671,8,6,26,4,4,0
8663,8,1,13,6,6,0
8670,8,9,74.5,2,2,2
8666,8,3,15.5,5,5,0
8683,9,1,14,6,6,0
8686,9,3,20.5,5,5,0
8690,9,9,92.5,2,2,3
8691,9,6,32,4,4,0
8693,10,1,28,5,5,1
8696,10,3,25.5,6,6,0
8700,10,9,98.5,2,2,3
8701,10,6,40,3,3,0
8703,11,1,41,4,4,1
8706,11,3,29.5,6,6,0
8710,11,9,98.5,2,2,3
8711,11,6,46,3,3,0
8713,12,1,44,4,4,1
8716,12,3,30.5,6,6,0
8720,12,9,104.5,2,2,3
8721,12,6,56,3,3,1
8723,13,1,47,4,4,1
8726,13,3,30.5,6,6,0
8730,13,9,105.5,2,2,3
8731,13,6,62,3,3,1
8733,14,1,59,4,4,2
8736,14,3,30.5,6,6,0
8740,14,9,110.5,2,2,3
8741,14,6,62,3,3,1
8761,15,6,67,3,3,1
8760,15,9,120.5,2,2,4
8756,15,3,34.5,6,6,0
8753,15,1,65,4,4,2
8763,16,1,71,3,3,2
8766,16,3,34.5,6,6,0
8770,16,9,135.5,2,2,5
8771,16,6,70,4,4,1
8772,356,6,9,1,1,1
8773,356,1,6,2,2,0
8783,356,3,0,12,12,0
8792,357,6,9,2,2,1
8793,357,1,21,1,1,1
8803,357,3,3,6,6,0
8812,358,6,9,2,2,1
8813,358,1,36,1,1,2
8823,358,3,3,8,8,0
8832,359,6,9,3,3,1
8833,359,1,47,1,1,3
8843,359,3,9,4,4,0
8852,360,6,9,4,4,1
8853,360,1,56,1,1,4
8863,360,3,16,2,2,0
8872,361,6,9,4,4,1
8873,361,1,56,1,1,4
8883,361,3,31,2,2,1
8892,362,6,15,3,3,1
8893,362,1,65,1,1,5
8903,362,3,35,2,2,1
8912,363,6,21,3,3,1
8913,363,1,74,1,1,6
8923,363,3,35,2,2,1
8932,364,6,25,3,3,1
8933,364,1,89,1,1,7
8943,364,3,38,2,2,1
8952,365,6,34,3,3,2
8953,365,1,98,1,1,7
8963,365,3,42,2,2,1
8972,366,6,38,3,3,2
8973,366,1,113,1,1,8
8983,366,3,45,2,2,1
8992,367,6,44,3,3,2
8993,367,1,122,1,1,9
9003,367,3,52,2,2,1
9012,368,6,53,2,2,3
9013,368,1,128,1,1,9
9023,368,3,52,3,3,1
9032,369,6,59,2,2,3
9033,369,1,141,1,1,10
9043,369,3,54,3,3,1
9133,371,1,141,1,1,10
9132,371,6,59,3,3,3
9123,370,3,64,2,2,1
9112,370,6,59,3,3,3
9113,370,1,141,1,1,10
9143,371,3,77,2,2,2
9152,372,1,9,1,1,1
9153,372,6,8,2,2,0
9165,372,3,0,14,14,0
9170,373,1,24,1,1,2
9171,373,6,10,2,2,0
9183,373,3,0,10,10,0
9188,374,1,33,1,1,3
9189,374,6,20,2,2,0
9201,374,3,1,7,7,0
9206,375,1,48,1,1,4
9207,375,6,27,2,2,0
9219,375,3,1,7,7,0
9224,376,1,63,1,1,5
9225,376,6,27,2,2,0
9237,376,3,1,8,8,0
9242,377,1,78,1,1,6
9243,377,6,27,2,2,0
9255,377,3,1,10,10,0
9260,378,1,93,1,1,7
9261,378,6,34,2,2,0
9273,378,3,1,10,10,0
9278,379,1,102,1,1,8
9279,379,6,34,2,2,0
9291,379,3,7,6,6,0
9296,380,1,117,1,1,9
9297,380,6,41,2,2,0
9309,380,3,7,6,6,0
9314,381,1,132,1,1,10
9315,381,6,44,2,2,0
9327,381,3,8,7,7,0
9332,382,1,147,1,1,11
9333,382,6,44,2,2,0
9345,382,3,8,7,7,0
9350,383,1,147,1,1,11
9351,383,6,59,2,2,1
9363,383,3,8,7,7,0
9368,384,1,157,1,1,12
9369,384,6,61,2,2,1
9381,384,3,8,7,7,0
9386,385,1,169,1,1,13
9387,385,6,62,2,2,1
9399,385,3,16,7,7,0
9404,386,1,184,1,1,14
9405,386,6,65,2,2,1
9417,386,3,17,7,7,0
9422,387,1,199,1,1,15
9423,387,6,65,2,2,1
9435,387,3,20,7,7,0
9440,388,1,13,1,1,1
9441,388,3,7,2,2,0
9442,388,6,3,3,3,0
9453,389,1,16,2,2,1
9454,389,3,16,1,1,1
9455,389,6,7,4,4,0
9468,390,1,31,1,1,2
9469,390,3,16,2,2,1
9470,390,6,7,4,4,0
9483,391,1,31,1,1,2
9484,391,3,22,2,2,1
9485,391,6,14,4,4,0
9498,392,1,35,1,1,2
9499,392,3,30,2,2,1
9500,392,6,17,4,4,0
9513,393,1,39,2,2,2
9514,393,3,45,1,1,2
9515,393,6,17,4,4,0
9528,394,1,39,2,2,2
9529,394,3,60,1,1,3
9530,394,6,17,4,4,0
9543,395,1,45,2,2,2
9544,395,3,69,1,1,4
9545,395,6,17,4,4,0
9558,396,1,49,2,2,2
9559,396,3,78,1,1,5
9560,396,6,17,4,4,0
9573,397,1,50,2,2,2
9574,397,3,93,1,1,6
9575,397,6,17,4,4,0
9588,398,1,51,3,3,2
9589,398,3,106,1,1,7
9590,398,6,20,4,4,0
9604,399,1,62,2,2,3
9605,399,3,110,1,1,7
9606,399,6,26,4,4,0
9620,400,1,72,2,2,3
9621,400,3,122,1,1,8
9622,400,6,26,4,4,0
9636,401,1,72,2,2,3
9637,401,3,137,1,1,9
9638,401,6,26,4,4,0
9652,402,1,76,2,2,3
9653,402,3,137,1,1,9
9654,402,6,38,4,4,1
9668,403,1,76,2,2,3
9669,403,3,137,1,1,9
9670,403,6,53,4,4,2
9684,404,3,9,1,1,1
9691,404,6,0,8,8,0
9692,404,1,0,9,9,0
9697,405,3,15,2,2,1
9704,405,6,0,10,10,0
9705,405,1,7,4,4,0
9710,406,3,21,1,1,1
9717,406,6,3,6,6,0
9718,406,1,18,2,2,1
9723,407,3,24,2,2,1
9730,407,6,3,6,6,0
9731,407,1,33,1,1,2
9736,408,3,33,2,2,2
9743,408,6,10,5,5,0
9744,408,1,34,1,1,2
9749,409,3,46,1,1,3
9756,409,6,10,5,5,0
9757,409,1,43,2,2,2
9788,411,3,61,1,1,4
9782,410,6,13,5,5,0
9783,410,1,47,2,2,2
9775,410,3,48,1,1,3
9795,411,6,13,5,5,0
9796,411,1,56,2,2,2
9801,412,3,76,1,1,5
9808,412,6,13,5,5,0
9809,412,1,60,2,2,2
9814,413,3,89,1,1,6
9821,413,6,13,5,5,0
9822,413,1,63,2,2,2
9827,414,3,102,1,1,7
9834,414,6,16,5,5,0
9835,414,1,63,2,2,2
9840,415,3,102,1,1,7
9847,415,6,26,5,5,0
9848,415,1,72,2,2,3
9853,416,3,117,1,1,8
9860,416,6,30,4,4,0
9861,416,1,75,2,2,3
9867,417,3,130,1,1,9
9874,417,6,33,4,4,0
9875,417,1,81,2,2,3
9881,418,3,135,1,1,9
9888,418,6,33,4,4,0
9889,418,1,87,2,2,3
9895,419,3,141,1,1,9
9902,419,6,37,4,4,0
9903,419,1,96,2,2,4
9909,420,1,9,1,1,1
9910,420,6,9,2,2,0
9918,420,51,0,10,10,0
9920,420,3,0,12,12,0
9923,421,1,9,3,3,1
9924,421,6,15,2,2,0
9932,421,51,0,11,11,0
9934,421,3,2,5,5,0
9938,422,1,12,3,3,1
9939,422,6,16,2,2,0
9947,422,51,0,12,12,0
9949,422,3,4,6,6,0
9953,423,1,21,3,3,2
9954,423,6,22,2,2,0
9962,423,51,0,13,13,0
9964,423,3,4,7,7,0
9969,424,1,25,3,3,2
9970,424,6,37,1,1,1
9978,424,51,0,12,12,0
9980,424,3,8,5,5,0
10028,425,3,17,4,4,1
10026,425,51,0,10,10,0
10018,425,6,47,1,1,1
10017,425,1,25,3,3,2
10050,426,6,50,1,1,1
10058,426,51,0,10,10,0
10060,426,3,23,4,4,1
10049,426,1,29,3,3,2
10065,427,1,38,2,2,3
10066,427,6,56,1,1,1
10074,427,51,0,10,10,0
10076,427,3,23,4,4,1
10081,428,1,46,2,2,3
10082,428,6,65,1,1,2
10090,428,51,0,10,10,0
10092,428,3,24,4,4,1
10097,429,1,55,2,2,4
10098,429,6,72,1,1,2
10106,429,51,0,10,10,0
10108,429,3,24,4,4,1
10113,430,1,70,2,2,5
10114,430,6,75,1,1,2
10122,430,51,0,10,10,0
10124,430,3,25,4,4,1
10129,431,1,79,1,1,6
10130,431,6,77,2,2,2
10138,431,51,0,10,10,0
10140,431,3,25,4,4,1
10146,432,1,83,1,1,6
10147,432,6,77,2,2,2
10155,432,51,0,10,10,0
10157,432,3,34,4,4,1
10163,433,1,86,1,1,6
10164,433,6,77,2,2,2
10172,433,51,0,10,10,0
10174,433,3,47,4,4,2
10180,434,1,90,1,1,6
10181,434,6,80,2,2,2
10189,434,51,0,10,10,0
10191,434,3,62,4,4,3
10197,435,1,90,1,1,6
10198,435,6,82,2,2,2
10206,435,51,0,12,12,0
10208,435,3,71,3,3,4
10214,436,1,9,1,1,1
10215,436,3,6,2,2,0
10217,436,51,3,4,4,0
10223,436,6,0,10,10,0
10227,437,1,24,1,1,2
10228,437,3,6,2,2,0
10230,437,51,6,4,4,0
10236,437,6,0,11,11,0
10242,438,1,24,1,1,2
10243,438,3,9,4,4,0
10245,438,51,6,6,6,0
10251,438,6,13,2,2,1
10288,440,3,10,5,5,0
10287,440,1,42,1,1,4
10273,439,3,9,5,5,0
10281,439,6,19,2,2,1
10275,439,51,6,6,6,0
10272,439,1,33,1,1,3
10290,440,51,6,6,6,0
10296,440,6,22,2,2,1
10302,441,1,46.5,1,1,5
10303,441,3,11.5,5,5,0
10305,441,51,6,6,6,0
10311,441,6,24.5,2,2,1
10317,442,1,56.5,1,1,5
10318,442,3,11.5,5,5,0
10320,442,51,6,7,7,0
10326,442,6,26.5,2,2,1
10332,443,1,59.5,1,1,5
10333,443,3,13.5,6,6,0
10335,443,51,6,7,7,0
10341,443,6,26.5,3,3,1
10347,444,1,59.5,1,1,5
10348,444,3,25.5,4,4,1
10350,444,51,6,7,7,0
10356,444,6,32.5,2,2,1
10362,445,1,68.5,1,1,6
10363,445,3,25.5,5,5,1
10365,445,51,6,8,8,0
10371,445,6,35.5,2,2,1
10377,446,1,83.5,1,1,7
10378,446,3,25.5,5,5,1
10380,446,51,6,8,8,0
10386,446,6,36.5,3,3,1
10392,447,1,92.5,1,1,8
10393,447,3,25.5,6,6,1
10395,447,51,6,8,8,0
10401,447,6,40.5,2,2,1
10407,448,1,107.5,1,1,9
10408,448,3,25.5,6,6,1
10410,448,51,6,8,8,0
10416,448,6,40.5,3,3,1
10452,450,1,128.5,1,1,11
10446,449,6,46.5,2,2,1
10440,449,51,10,8,8,0
10438,449,3,25.5,6,6,1
10437,449,1,116.5,1,1,10
10453,450,3,25.5,6,6,1
10455,450,51,11,8,8,0
10461,450,6,54.5,2,2,1
10467,451,1,143.5,1,1,12
10468,451,3,25.5,6,6,1
10470,451,51,11,8,8,0
10476,451,6,57.5,2,2,1
10483,452,1,4,2,2,0
10484,452,3,3,3,3,0
10485,452,6,2,4,4,0
10495,452,51,0,14,14,0
10498,453,1,19,1,1,1
10499,453,3,6,4,4,0
10500,453,6,6,3,3,0
10510,453,51,0,14,14,0
10513,454,1,19,1,1,1
10514,454,3,9,5,5,0
10515,454,6,9,4,4,0
10525,454,51,0,12,12,0
10528,455,1,21,2,2,1
10529,455,3,12,5,5,0
10530,455,6,22,1,1,1
10540,455,51,0,11,11,0
10543,456,1,21,4,4,1
10544,456,3,21,5,5,1
10545,456,6,25,1,1,1
10555,456,51,1,8,8,0
10558,457,1,21,5,5,1
10559,457,3,24,4,4,1
10560,457,6,31,2,2,1
10570,457,51,1,9,9,0
10573,458,1,25,5,5,1
10574,458,3,32,2,2,1
10575,458,6,31,3,3,1
10585,458,51,1,10,10,0
10588,459,1,26,5,5,1
10589,459,3,35,3,3,1
10590,459,6,44,2,2,2
10600,459,51,1,9,9,0
10603,460,1,27,5,5,1
10604,460,3,35,3,3,1
10605,460,6,50,2,2,2
10615,460,51,1,9,9,0
10619,461,1,29,5,5,1
10620,461,3,36,4,4,1
10621,461,6,59,1,1,3
10631,461,51,7,7,7,0
10635,462,1,30,5,5,1
10636,462,3,36,4,4,1
10637,462,6,65,2,2,3
10647,462,51,7,7,7,0
10651,463,1,34,5,5,1
10652,463,3,36,4,4,1
10653,463,6,80,1,1,4
10663,463,51,9,7,7,0
10667,464,1,34,5,5,1
10668,464,3,36,4,4,1
10669,464,6,89,1,1,4
10679,464,51,9,7,7,0
10701,465,6,89,1,1,4
10699,465,1,34,5,5,1
10711,465,51,12,7,7,0
10700,465,3,36,4,4,1
10715,466,1,34,5,5,1
10716,466,3,38,4,4,1
10717,466,6,89,1,1,4
10727,466,51,18,6,6,0
10731,467,3,8,2,2,0
10732,467,1,4,3,3,0
10736,467,51,0,7,7,0
10740,467,6,0,11,11,0
10748,468,3,8,3,3,0
10749,468,1,10,2,2,0
10753,468,51,0,11,11,0
10757,468,6,1,7,7,0
10765,469,3,14,3,3,0
10766,469,1,20,2,2,1
10770,469,51,0,12,12,0
10774,469,6,1,8,8,0
10782,470,3,14,4,4,0
10783,470,1,20,2,2,1
10787,470,51,0,12,12,0
10791,470,6,16,3,3,1
10799,471,3,20,3,3,0
10800,471,1,29,1,1,2
10804,471,51,0,14,14,0
10808,471,6,16,4,4,1
10816,472,3,21,4,4,0
10817,472,1,29,1,1,2
10821,472,51,4,9,9,0
10825,472,6,22,3,3,1
10833,473,3,26,3,3,0
10834,473,1,38,1,1,3
10838,473,51,4,9,9,0
10842,473,6,26,2,2,1
10850,474,3,26,4,4,0
10851,474,1,42,1,1,3
10855,474,51,5,9,9,0
10859,474,6,26,3,3,1
10867,475,3,32,4,4,0
10868,475,1,45,1,1,3
10872,475,51,5,9,9,0
10876,475,6,35,3,3,2
10884,476,3,34,4,4,0
10885,476,1,54,1,1,4
10889,476,51,5,9,9,0
10893,476,6,45,2,2,2
10901,477,3,36,5,5,0
10902,477,1,54,1,1,4
10906,477,51,5,9,9,0
10910,477,6,52,2,2,2
10918,478,3,40,4,4,0
10919,478,1,54,2,2,4
10923,478,51,7,9,9,0
10927,478,6,61,1,1,3
10935,479,3,46,3,3,0
10936,479,1,56,2,2,4
10940,479,51,7,9,9,0
10944,479,6,64,1,1,3
10952,480,3,55,3,3,1
10953,480,1,60,2,2,4
10957,480,51,7,9,9,0
10961,480,6,64,1,1,3
10969,481,3,55,4,4,1
10970,481,1,63,2,2,4
10974,481,51,7,9,9,0
10978,481,6,74,1,1,3
11029,482,6,74,1,1,3
11036,483,3,15,1,1,1
11025,482,51,7,9,9,0
11020,482,3,58,4,4,1
11021,482,1,69,2,2,4
11038,483,51,3,3,3,0
11044,483,6,0,9,9,0
11050,483,1,0,15,15,0
11052,484,3,30,1,1,2
11054,484,51,3,5,5,0
11060,484,6,0,13,13,0
11066,484,1,0,12,12,0
11068,485,3,39,1,1,2
11070,485,51,3,5,5,0
11076,485,6,0,14,14,0
11082,485,1,0,12,12,0
11084,486,3,43,1,1,2
11086,486,51,3,5,5,0
11092,486,6,2,8,8,0
11098,486,1,1,11,11,0
11101,487,3,52,1,1,3
11103,487,51,3,8,8,0
11109,487,6,5,7,7,0
11115,487,1,1,11,11,0
11118,488,3,58,1,1,3
11120,488,51,3,10,10,0
11126,488,6,17,3,3,1
11132,488,1,1,11,11,0
11135,489,3,61,1,1,3
11137,489,51,3,11,11,0
11143,489,6,26,2,2,2
11149,489,1,5,8,8,0
11152,490,3,61,1,1,3
11154,490,51,3,11,11,0
11160,490,6,28,3,3,2
11166,490,1,11,7,7,0
11169,491,3,67,1,1,3
11171,491,51,3,11,11,0
11177,491,6,28,3,3,2
11183,491,1,20,5,5,1
11220,493,3,72,1,1,3
11217,492,1,21,6,6,1
11211,492,6,28,3,3,2
11205,492,51,3,11,11,0
11203,492,3,67,1,1,3
11222,493,51,3,11,11,0
11228,493,6,28,5,5,2
11234,493,1,22,6,6,1
11237,494,3,76,1,1,3
11239,494,51,3,11,11,0
11245,494,6,28,5,5,2
11251,494,1,22,6,6,1
11254,495,3,86,1,1,3
11256,495,51,3,11,11,0
11262,495,6,30,5,5,2
11268,495,1,22,6,6,1
11271,496,3,86,1,1,3
11273,496,51,6,10,10,0
11279,496,6,34,5,5,2
11285,496,1,28,6,6,1
11288,497,3,95,1,1,4
11290,497,51,10,9,9,0
11296,497,6,34,5,5,2
11302,497,1,28,6,6,1
11305,498,3,9,1,1,1
11309,498,51,2,5,5,0
11310,498,1,1,6,6,0
11311,498,6,0,7,7,0
11320,499,3,13,1,1,1
11324,499,51,2,9,9,0
11325,499,1,3,8,8,0
11326,499,6,0,12,12,0
11335,500,3,15,2,2,1
11339,500,51,2,9,9,0
11340,500,1,3,8,8,0
11341,500,6,0,14,14,0
11350,501,3,15,3,3,1
11354,501,51,2,10,10,0
11355,501,1,6,8,8,0
11356,501,6,2,11,11,0
11365,502,3,25,1,1,1
11369,502,51,2,11,11,0
11370,502,1,6,8,8,0
11371,502,6,3,10,10,0
11380,503,3,34,1,1,2
11384,503,51,2,11,11,0
11385,503,1,6,8,8,0
11386,503,6,5,10,10,0
11395,504,3,44,1,1,3
11399,504,51,2,11,11,0
11400,504,1,6,8,8,0
11401,504,6,5,10,10,0
11410,505,3,57,1,1,4
11414,505,51,2,11,11,0
11415,505,1,7,8,8,0
11416,505,6,5,10,10,0
11425,506,3,67,1,1,4
11429,506,51,4,11,11,0
11430,506,1,7,8,8,0
11431,506,6,6,10,10,0
11440,507,3,77,1,1,4
11444,507,51,4,11,11,0
11445,507,1,7,9,9,0
11446,507,6,6,10,10,0
11455,508,3,80,1,1,4
11459,508,51,4,11,11,0
11460,508,1,8,8,8,0
11461,508,6,6,10,10,0
11470,509,3,90,1,1,4
11474,509,51,4,11,11,0
11475,509,1,8,9,9,0
11476,509,6,6,10,10,0
11485,510,3,105,1,1,5
11489,510,51,4,11,11,0
11490,510,1,11,8,8,0
11491,510,6,8,10,10,0
11500,511,3,120,1,1,6
11504,511,51,4,11,11,0
11505,511,1,11,9,9,0
11506,511,6,8,10,10,0
23987,512,3,0,7,7,0
23985,512,6,0,9,9,0
23991,512,1,4,3,3,0
24002,513,3,0,9,9,0
24000,513,6,3,5,5,0
24021,514,1,4,5,5,0
24017,514,3,0,11,11,0
24015,514,6,18,2,2,1
24032,515,3,4,6,6,0
24051,516,1,4,5,5,0
24047,516,3,4,6,6,0
24045,516,6,36,2,2,2
24073,517,51,0,15,15,0
24067,517,1,5,5,5,0
24063,517,3,4,6,6,0
24061,517,6,45,1,1,3
24090,518,51,0,15,15,0
24084,518,1,8,6,6,0
24080,518,3,10,5,5,0
24078,518,6,54,1,1,4
24106,519,51,0,15,15,0
24101,519,1,8,7,7,0
24095,519,6,60,1,1,4
24123,520,51,0,15,15,0
24118,520,1,11,7,7,0
24112,520,6,62,1,1,4
24131,521,3,38,3,3,2
24140,521,51,0,15,15,0
24135,521,1,13,7,7,0
24158,522,51,0,15,15,0
24150,522,6,74,1,1,4
24148,522,3,49,3,3,3
24144,522,1,13,7,7,0
24175,523,51,0,15,15,0
24167,523,6,80,1,1,4
24165,523,3,58,3,3,4
24192,524,51,0,15,15,0
24184,524,6,95,1,1,5
24182,524,3,62,2,2,4
24178,524,1,13,7,7,0
24210,525,51,0,16,16,0
24202,525,6,104,1,1,5
24200,525,3,75,2,2,5
24229,526,51,0,16,16,0
24221,526,6,113,1,1,6
24219,526,3,75,2,2,5
24215,526,1,15,7,7,0
23439,527,1,3,4,4,0
23438,527,6,0,5,5,0
23431,527,3,0,12,12,0
23455,528,1,3,6,6,0
23454,528,6,9,3,3,1
23447,528,3,0,12,12,0
23472,529,1,3,6,6,0
23471,529,6,9,4,4,1
23464,529,3,3,7,7,0
23491,530,1,3,7,7,0
23490,530,6,18,2,2,2
23483,530,3,3,8,8,0
23510,531,1,3,8,8,0
23509,531,6,18,4,4,2
23502,531,3,3,9,9,0
23529,532,1,3,8,8,0
23528,532,6,22,3,3,2
23521,532,3,3,9,9,0
23548,533,1,4,8,8,0
23547,533,6,22,3,3,2
23540,533,3,3,9,9,0
23567,534,1,7,9,9,0
23566,534,6,22,4,4,2
23559,534,3,3,11,11,0
23586,535,1,11,5,5,0
23585,535,6,22,4,4,2
23578,535,3,5,10,10,0
23605,536,1,12,5,5,0
23604,536,6,31,3,3,3
23597,536,3,5,11,11,0
23624,537,1,12,7,7,0
23623,537,6,31,3,3,3
23616,537,3,5,11,11,0
23643,538,1,12,8,8,0
23642,538,6,35,4,4,3
23635,538,3,5,11,11,0
23662,539,1,12,8,8,0
23661,539,6,36,3,3,3
23654,539,3,5,11,11,0
23681,540,1,14,8,8,0
23680,540,6,40,3,3,3
23673,540,3,5,11,11,0
23700,541,1,15,8,8,0
23699,541,6,49,3,3,4
23692,541,3,11,9,9,0
23719,542,1,15,8,8,0
23718,542,6,58,2,2,5
23711,542,3,11,9,9,0
23157,543,1,0,12,12,0
23152,543,6,4,3,3,0
23169,544,1,6,4,4,0
23164,544,6,13,1,1,1
23182,545,1,9,3,3,0
23177,545,6,22,1,1,2
23195,546,1,9,4,4,0
23190,546,6,28,1,1,2
23209,547,1,12,4,4,0
23204,547,6,34,1,1,2
23225,548,1,15,4,4,0
23220,548,6,40,1,1,2
23241,549,1,15,4,4,0
23236,549,6,46,1,1,2
23257,550,1,21,4,4,0
23252,550,6,50,1,1,2
23273,551,1,25,4,4,0
23268,551,6,50,1,1,2
23289,552,1,34,3,3,1
23284,552,6,56,1,1,2
23307,553,1,34,4,4,1
23302,553,6,65,1,1,3
23325,554,1,35,4,4,1
23320,554,6,71,1,1,3
23343,555,1,35,4,4,1
23338,555,6,80,1,1,4
23361,556,1,38,4,4,1
23356,556,6,86,1,1,4
23381,557,1,47,3,3,2
23376,557,6,89,1,1,4
23401,558,1,51,4,4,2
23396,558,6,89,1,1,4
23421,559,1,60,3,3,3
23416,559,6,95,1,1,4
22856,560,3,0,7,7,0
22854,560,1,1,5,5,0
22850,560,6,9,1,1,1
22869,561,3,0,9,9,0
22867,561,1,7,3,3,0
22863,561,6,18,1,1,2
22886,562,3,0,13,13,0
22884,562,1,9,3,3,0
22880,562,6,27,1,1,3
22904,563,6,33,1,1,3
22900,563,1,18,2,2,1
22898,563,3,0,15,15,0
22923,564,6,42,1,1,4
22919,564,1,19,2,2,1
22917,564,3,0,16,16,0
22942,565,6,51,1,1,5
22938,565,1,21,3,3,1
22936,565,3,0,16,16,0
22961,566,6,55,1,1,5
22957,566,1,23,3,3,1
22955,566,3,0,16,16,0
22979,567,3,0,16,16,0
22977,567,1,31,3,3,2
22973,567,6,55,1,1,5
22998,568,3,0,17,17,0
22996,568,1,31,3,3,2
22992,568,6,64,1,1,6
23018,569,6,64,1,1,6
23014,569,1,40,3,3,3
23012,569,3,0,17,17,0
23037,570,6,64,1,1,6
23033,570,1,43,3,3,3
23031,570,3,0,17,17,0
23056,571,6,70,1,1,6
23052,571,1,52,2,2,4
23050,571,3,0,17,17,0
23075,572,6,76,1,1,6
23071,572,1,52,3,3,4
23069,572,3,0,17,17,0
23094,573,6,77,1,1,6
23090,573,1,61,2,2,5
23088,573,3,0,17,17,0
23113,574,6,81,1,1,6
23109,574,1,70,2,2,6
23107,574,3,0,17,17,0
23132,575,6,83,1,1,6
23128,575,1,74,2,2,6
23126,575,3,0,17,17,0
22462,576,3,0,11,11,0
22461,576,1,9,1,1,1
22458,576,6,3,4,4,0
22477,577,3,0,12,12,0
22475,577,1,15,1,1,1
22472,577,6,6,4,4,0
22492,578,3,0,14,14,0
22490,578,1,16,2,2,1
22487,578,6,8,4,4,0
22508,579,3,0,10,10,0
22506,579,1,20.5,2,2,2
22503,579,6,8,4,4,0
22525,580,3,0,10,10,0
22523,580,1,26.5,1,1,2
22520,580,6,17,3,3,1
22542,581,3,0,10,10,0
22540,581,1,26.5,2,2,2
22537,581,6,26,3,3,2
22710,582,3,0,12,12,0
22708,582,1,26.5,3,3,2
22727,583,3,0,12,12,0
22725,583,1,26.5,3,3,2
22745,584,3,0,12,12,0
22743,584,1,30.5,3,3,2
22763,585,3,0,12,12,0
22761,585,1,39.5,3,3,3
22782,586,3,6,8,8,0
22780,586,1,39.5,3,3,3
22801,587,3,6,9,9,0
22799,587,1,41,3,3,3
22796,587,6,54.5,1,1,4
22821,588,3,6,9,9,0
22819,588,1,47,3,3,3
22816,588,6,63.5,1,1,5
22841,589,3,6,9,9,0
22839,589,1,53,3,3,3
22836,589,6,72.5,1,1,6
22218,590,1,9,1,1,1
22217,590,6,6,2,2,0
22229,591,1,18,1,1,2
22228,591,6,12,2,2,0
22240,592,1,22,1,1,2
22239,592,6,12,2,2,0
22252,593,1,26,1,1,2
22251,593,6,21,2,2,1
22266,594,1,35,1,1,3
22265,594,6,27,2,2,1
22282,595,1,37,1,1,3
22281,595,6,30,2,2,1
22298,596,1,40,1,1,3
22297,596,6,30,2,2,1
22314,597,1,42,1,1,3
22313,597,6,39,2,2,2
22330,598,1,43,2,2,3
22329,598,6,45,1,1,2
22346,599,1,49,1,1,3
22345,599,6,48,2,2,2
22364,600,1,49,2,2,3
22363,600,6,57,1,1,3
22382,601,1,55,2,2,3
22381,601,6,59,1,1,3
22400,602,1,61,1,1,3
22399,602,6,59,2,2,3
22418,603,1,70,1,1,4
22417,603,6,65,2,2,3
22438,604,1,73,1,1,4
22437,604,6,65,2,2,3
22035,605,6,3,3,3,0
22034,605,1,2,4,4,0
21879,606,6,6,4,4,0
21878,606,1,6,3,3,0
22043,607,1,12,3,3,0
22054,608,6,9,4,4,0
22053,608,1,15,3,3,0
22064,609,6,9,4,4,0
22063,609,1,15,3,3,0
22075,610,6,9,4,4,0
22074,610,1,17,3,3,0
22086,611,6,10,4,4,0
22085,611,1,26,3,3,1
22121,612,6,12,4,4,0
22145,614,6,12,5,5,0
22144,614,1,38,3,3,2
22157,615,6,12,5,5,0
22156,615,1,42,3,3,2
22169,616,6,12,5,5,0
22168,616,1,42,3,3,2
22181,617,6,12,5,5,0
22180,617,1,46,3,3,2
22193,618,6,12,5,5,0
22192,618,1,55,3,3,3
22205,619,6,12,6,6,0
22204,619,1,58,3,3,3
21900,620,1,6,2,2,0
21899,620,6,4,3,3,0
21908,621,6,7,3,3,0
21917,622,6,13,3,3,0
21926,623,6,19,3,3,0
21945,624,6,19,3,3,0
21956,625,1,23,3,3,1
21955,625,6,19,4,4,0
21966,626,1,27,3,3,1
21965,626,6,20,4,4,0
21977,627,1,29,4,4,1
21976,627,6,29,3,3,1
21988,628,1,35,2,2,1
21987,628,6,29,4,4,1
22000,629,1,39,2,2,1
21999,629,6,29,4,4,1
22012,630,1,45,2,2,1
22011,630,6,31,4,4,1
22024,631,1,47,3,3,1
22023,631,6,33,4,4,1
21678,632,6,9,1,1,1
21674,632,1,1,5,5,0
21688,633,6,15,1,1,1
21684,633,1,3,6,6,0
21698,634,6,19,2,2,1
21694,634,1,6,5,5,0
21706,635,1,6,6,6,0
21702,635,6,28,1,1,2
21717,636,1,6,7,7,0
21713,636,6,28,2,2,2
21730,637,6,28,2,2,2
21726,637,1,6,7,7,0
21741,638,6,32,2,2,2
21737,638,1,6,7,7,0
21750,639,1,6,7,7,0
21746,639,6,32,2,2,2
21761,640,1,6,8,8,0
21757,640,6,32,2,2,2
21773,641,1,10,6,6,0
21769,641,6,32,2,2,2
21787,642,6,33,3,3,2
21783,642,1,10,6,6,0
13919,17,1,71,3,3,2
13922,17,3,34.5,7,7,0
13926,17,9,153.5,2,2,6
13927,17,6,70,4,4,1
20920,667,6,3,3,3,0
20933,668,6,3,5,5,0
20947,669,6,3,6,6,0
20960,670,6,7,5,5,0
20977,671,6,10,5,5,0
20992,672,6,19,3,3,1
21005,673,6,25,2,2,1
21022,674,6,28,3,3,1
21037,675,6,32,3,3,1
21056,676,6,32,4,4,1
21071,677,6,32,4,4,1
21088,678,6,32,4,4,1
20752,680,6,4,5,5,0
20767,681,6,7,4,4,0
20782,682,6,11,3,3,0
20796,683,6,11,4,4,0
20811,684,6,15,4,4,0
20828,685,6,19,4,4,0
20846,686,6,20,4,4,0
20865,687,6,20,4,4,0
20884,688,6,20,4,4,0
20904,689,6,20,5,5,0
20627,690,6,6,2,2,0
20639,691,6,15,1,1,1
20650,692,6,21,1,1,1
20663,693,6,21,2,2,1
20674,694,6,22,2,2,1
20687,695,6,23,2,2,1
20700,696,6,31,2,2,2
20715,697,6,31,2,2,2
20358,699,6,6,2,2,0
20374,700,51,0,8,8,0
20371,700,6,12,2,2,0
20390,701,51,0,9,9,0
20406,702,51,0,9,9,0
20422,703,51,0,9,9,0
20419,703,6,20,3,3,0
20438,704,51,0,10,10,0
20454,705,51,0,10,10,0
20470,706,51,0,10,10,0
20467,706,6,24,3,3,0
20486,707,51,0,10,10,0
20502,708,51,0,10,10,0
20352,699,51,0,8,8,0
19793,719,6,3,3,3,0
20072,710,6,6,3,3,0
19808,720,6,3,5,5,0
19832,722,6,7,5,5,0
19844,723,6,13,5,5,0
19857,724,6,22,3,3,1
20064,709,6,0,6,6,0
19512,729,6,4,3,3,0
19519,730,6,10,3,3,0
19528,731,6,14,3,3,0
19548,733,6,14,4,4,0
19537,732,6,14,4,4,0
19560,734,6,15,6,6,0
18901,762,117,0,5,5,0
18913,763,117,0,5,5,0
18869,759,117,0,8,8,0
18861,758,117,0,7,7,0
19938,728,51,0,16,16,0
19906,727,6,24,3,3,1
19888,726,6,24,3,3,1
19871,725,6,22,3,3,1
19386,745,6,45,1,1,5
19326,738,6,6,2,2,0
19126,755,6,26,3,3,1
19124,755,117,0,10,10,0
19121,754,117,0,9,9,0
19112,754,6,26,3,3,1
19101,753,6,19,3,3,0
19099,753,117,0,6,6,0
19089,752,6,16,3,3,0
19087,752,117,0,6,6,0
19085,751,117,0,10,10,0
19076,751,6,15,3,3,0
19066,750,6,15,3,3,0
19064,750,117,0,9,9,0
19055,749,6,12,3,3,0
19053,749,117,0,8,8,0
19046,748,6,10,2,2,0
19036,747,6,10,2,2,0
19027,746,6,6,2,2,0
18855,758,6,8,3,3,0
18841,756,6,6,2,2,0
18848,757,6,6,2,2,0
17834,774,6,40,2,2,2
19610,737,6,18,6,6,0
19576,735,6,18,5,5,0
18863,759,6,16,2,2,1
18877,760,117,0,5,5,0
17825,773,6,40,2,2,2
18871,760,6,16,2,2,1
17816,772,6,37,1,1,2
18889,761,117,0,6,6,0
17807,771,6,36,1,1,2
19593,736,6,18,6,6,0
18883,761,6,24,2,2,2
19362,743,6,42,1,1,4
19352,742,6,42,1,1,4
17789,769,6,20,1,1,0
19343,741,6,33,1,1,3
17780,768,6,14,2,2,0
17763,766,6,12,2,2,0
17771,767,6,14,2,2,0
17760,765,6,6,2,2,0
17798,770,6,28,1,1,1
17843,775,6,40,2,2,2
19336,740,6,24,1,1,2
22132,613,1,35,3,3,2
22133,613,6,12,5,5,0
22120,612,1,26,3,3,1
22044,607,6,9,4,4,0
21918,622,1,17,1,1,1
21909,621,1,15,1,1,1
21946,624,1,23,2,2,1
21927,623,1,19,1,1,1
21660,655,6,52,2,2,4
21648,654,6,46,2,2,3
21636,653,6,43,2,2,3
21625,652,6,34,4,4,2
21614,651,6,25,5,5,1
21603,650,6,16,5,5,0
21592,649,6,10,7,7,0
21582,648,6,7,7,7,0
21572,647,6,7,7,7,0
21563,646,6,3,7,7,0
21554,645,6,0,8,8,0
21545,644,6,0,7,7,0
21342,662,6,4,5,5,0
21318,659,6,4,5,5,0
21537,643,6,0,7,7,0
21380,666,6,7,6,6,0
21370,665,6,7,5,5,0
21360,664,6,5,5,5,0
21351,663,6,5,5,5,0
21334,661,6,4,5,5,0
21326,660,6,4,5,5,0
21310,658,6,0,8,8,0
21303,657,6,0,7,7,0
21296,656,6,0,6,6,0
21102,678,1,0,14,14,0
21085,677,1,0,14,14,0
21068,676,1,0,14,14,0
21051,675,1,0,14,14,0
21034,674,1,0,14,14,0
20730,698,6,31,2,2,2
20499,708,6,26,4,4,0
20483,707,6,26,3,3,0
20451,705,6,21,3,3,0
20435,704,6,20,3,3,0
20403,702,6,16,3,3,0
20387,701,6,12,3,3,0
20168,718,6,45,1,1,3
20155,717,6,43,1,1,3
20137,716,6,37,1,1,3
20125,715,6,28,3,3,2
20113,714,6,19,3,3,1
20102,713,6,10,4,4,0
20092,712,6,6,5,5,0
20082,711,6,6,4,4,0
19925,728,6,26,4,4,1
19820,721,6,7,5,5,0
19373,744,6,45,1,1,5
19329,739,6,15,1,1,1
18925,764,117,0,5,5,0
18919,764,6,32,2,2,2
18907,763,6,32,2,2,2
18895,762,6,28,2,2,2
22705,582,6,35,1,1,3
22722,583,6,41,1,1,3
22740,584,6,50,1,1,4
22758,585,6,50,1,1,4
22777,586,6,54,1,1,4
24006,513,1,4,3,3,0
24030,515,6,33,1,1,2
24036,515,1,4,5,5,0
24097,519,3,14,5,5,0
24114,520,3,23,4,4,1
24129,521,6,65,1,1,4
24161,523,1,13,7,7,0
24196,525,1,14,7,7,0
24232,337,6,43,1,1,1
24233,337,1,21,2,2,0
24234,337,9,16,4,4,0
24235,337,131,18,3,3,0
24237,337,3,1,6,6,0
24244,338,6,70,1,1,1
24245,338,1,54,2,2,1
24246,338,9,18,5,5,0
24247,338,131,29,3,3,0
24249,338,3,5,7,7,0
24256,339,6,76,1,1,1
24257,339,1,66,2,2,1
24258,339,9,61,3,3,1
24259,339,131,44,4,4,0
24261,339,3,6,7,7,0
24268,340,6,90,2,2,1
24269,340,1,109,1,1,2
24270,340,9,73,3,3,1
24271,340,131,60,4,4,0
24273,340,3,6,7,7,0
24280,341,6,116,2,2,1
24281,341,1,119,1,1,2
24282,341,9,113,3,3,2
24283,341,131,72,4,4,0
24285,341,3,8,7,7,0
24316,343,6,146,3,3,1
24307,342,131,78,4,4,0
24309,342,3,8,7,7,0
24306,342,9,156,1,1,3
24305,342,1,129,3,3,2
24304,342,6,136,2,2,1
24317,343,1,172,1,1,3
24318,343,9,171,2,2,3
24319,343,131,100,4,4,0
24321,343,3,8,7,7,0
24328,344,6,161,3,3,1
24329,344,1,215,1,1,4
24330,344,9,193,2,2,3
24331,344,131,108,4,4,0
24333,344,3,8,8,8,0
24340,345,6,165,3,3,1
24341,345,1,248,1,1,4
24342,345,9,218,2,2,4
24343,345,131,109,4,4,0
24345,345,3,20,7,7,0
24352,346,6,165,3,3,1
24353,346,1,278,1,1,4
24354,346,9,249,2,2,5
24355,346,131,126,4,4,0
24357,346,3,31,7,7,0
24364,347,6,208,3,3,2
24365,347,1,300,1,1,4
24366,347,9,272,2,2,5
24367,347,131,132,4,4,0
24369,347,3,31,7,7,0
24376,348,6,238,3,3,2
24377,348,1,304,2,2,4
24378,348,9,312,1,1,6
24379,348,131,132,4,4,0
24381,348,3,40,7,7,0
24388,349,6,250,3,3,2
24389,349,1,329,2,2,5
24390,349,9,330,1,1,6
24391,349,131,146,4,4,0
24393,349,3,40,7,7,0
24400,350,6,290,3,3,3
24401,350,1,347,2,2,5
24402,350,9,350,1,1,6
24403,350,131,158,4,4,0
24405,350,3,47,7,7,0
24437,351,1,359,2,2,5
24438,351,9,383,1,1,6
24439,351,131,168,4,4,0
24441,351,3,56,7,7,0
24436,351,6,319,3,3,4
24449,352,1,381,2,2,5
24450,352,9,426,1,1,7
24451,352,131,176,4,4,0
24453,352,3,58,7,7,0
24448,352,6,334,3,3,4
24477,353,3,65,7,7,0
24475,353,131,188,4,4,0
24474,353,9,426,1,1,7
24473,353,1,399,2,2,5
24472,353,6,374,3,3,5
24484,354,6,389,3,3,5
24485,354,1,421,2,2,5
24486,354,9,469,1,1,8
24487,354,131,202,4,4,0
24489,354,3,69,6,6,0
24496,355,6,396,3,3,5
24497,355,1,454,2,2,5
24498,355,9,498,1,1,9
24499,355,131,214,4,4,0
24501,355,3,69,6,6,0
24541,842,1,48,2,2,0
24540,842,9,72,1,1,2
24669,841,131,0,10,10,0
24668,841,3,0,9,9,0
24663,841,6,18,3,3,0
24661,841,1,26,2,2,0
24660,841,9,35,1,1,1
24543,842,6,36,3,3,0
24548,842,3,0,11,11,0
24549,842,131,2,8,8,0
24552,843,9,105,1,1,2
24553,843,1,85,2,2,1
24555,843,6,50,3,3,0
24560,843,3,0,10,10,0
24561,843,131,16,5,5,0
24564,844,9,148,1,1,3
24565,844,1,105,2,2,1
24567,844,6,65,3,3,0
24572,844,3,0,10,10,0
24573,844,131,26,5,5,0
24576,845,9,185,1,1,4
24577,845,1,138,2,2,1
24579,845,6,75,3,3,0
24584,845,3,0,9,9,0
24585,845,131,40,5,5,0
24588,846,9,222,1,1,5
24589,846,1,161,2,2,1
24591,846,6,93,3,3,0
24596,846,3,2,9,9,0
24597,846,131,40,5,5,0
24600,847,9,255,1,1,5
24601,847,1,186,2,2,2
24603,847,6,101,3,3,0
24608,847,3,4,9,9,0
24609,847,131,52,5,5,0
24612,848,9,295,1,1,6
24613,848,1,206,2,2,2
24615,848,6,129,3,3,0
24620,848,3,4,9,9,0
24621,848,131,58,5,5,0
24624,849,9,328,1,1,6
24625,849,1,218,2,2,2
24627,849,6,164,3,3,1
24632,849,3,4,9,9,0
24633,849,131,68,4,4,0
24636,850,9,355,1,1,6
24637,850,1,243,2,2,3
24639,850,6,192,3,3,1
24644,850,3,4,9,9,0
24645,850,131,78,4,4,0
24648,851,9,383,1,1,6
24649,851,1,280,2,2,4
24651,851,6,215,3,3,1
24656,851,3,4,9,9,0
24657,851,131,80,4,4,0
24670,852,9,426,1,1,7
24671,852,1,295,2,2,4
24673,852,6,231,3,3,1
24678,852,3,5,9,9,0
24679,852,131,98,4,4,0
24682,853,9,451,1,1,8
24683,853,1,325,2,2,4
24685,853,6,254,3,3,1
24690,853,3,5,9,9,0
24691,853,131,108,4,4,0
24694,854,9,491,1,1,9
24695,854,1,353,2,2,4
24697,854,6,268,3,3,1
24702,854,3,5,9,9,0
24703,854,131,114,4,4,0
24706,855,9,518,1,1,9
24707,855,1,388,2,2,5
24709,855,6,292,3,3,1
24714,855,3,5,9,9,0
24715,855,131,123,4,4,0
24718,856,9,558,1,1,10
24719,856,1,418,2,2,5
24721,856,6,310,3,3,1
24726,856,3,5,9,9,0
24727,856,131,127,4,4,0
24730,857,9,595,1,1,11
24731,857,1,442,2,2,5
24733,857,6,325,3,3,1
24738,857,3,5,9,9,0
24739,857,131,145,4,4,0
24742,858,9,607,1,1,11
24743,858,1,482,2,2,6
24745,858,6,353,3,3,1
24750,858,3,5,9,9,0
24751,858,131,159,4,4,0
24754,859,9,650,1,1,12
24755,859,1,497,2,2,6
24757,859,6,375,3,3,1
24762,859,3,5,9,9,0
24763,859,131,165,4,4,0
24932,860,1,40,1,1,1
24940,860,3,0,9,9,0
24939,860,131,0,8,8,0
24934,860,6,10,4,4,0
24933,860,9,30,2,2,0
24777,861,1,55,1,1,1
24778,861,9,42,2,2,0
24779,861,6,35,3,3,1
24784,861,131,1,9,9,0
24785,861,3,8,7,7,0
24789,862,1,88,1,1,1
24790,862,9,64,2,2,0
24791,862,6,37,3,3,1
24796,862,131,26,5,5,1
24797,862,3,18,7,7,0
24844,864,3,43,6,6,1
24843,864,131,43,5,5,1
24838,864,6,63,4,4,1
24837,864,9,109,1,1,1
24836,864,1,98,2,2,1
24824,863,1,92,2,2,1
24825,863,9,101,1,1,1
24826,863,6,45,4,4,1
24831,863,131,37,5,5,1
24832,863,3,18,7,7,0
24848,865,1,108,2,2,1
24849,865,9,146,1,1,2
24850,865,6,86,3,3,1
24855,865,131,61,5,5,1
24856,865,3,44,6,6,1
24860,866,1,133,2,2,2
24861,866,9,164,1,1,2
24862,866,6,97,4,4,1
24867,866,131,69,5,5,1
24868,866,3,44,7,7,1
24872,867,1,137,2,2,2
24873,867,9,176,1,1,2
24874,867,6,122,4,4,2
24879,867,131,92,5,5,1
24880,867,3,45,7,7,1
24884,868,1,142,4,4,2
24885,868,9,216,1,1,3
24886,868,6,152,2,2,2
24891,868,131,98,5,5,1
24892,868,3,47,7,7,1
24974,869,131,105,5,5,1
24975,869,3,47,7,7,1
24969,869,6,177,2,2,3
24968,869,9,230,1,1,3
24967,869,1,160,3,3,2
24992,871,9,272,1,1,3
24986,870,131,106,5,5,1
24991,871,1,218,2,2,4
24979,870,1,193,2,2,3
24980,870,9,246,1,1,3
24981,870,6,189,4,4,3
24987,870,3,53,7,7,1
24993,871,6,199,4,4,3
24998,871,131,112,5,5,1
24999,871,3,53,8,8,1
25003,872,1,243,2,2,5
25004,872,9,272,1,1,3
25005,872,6,226,3,3,3
25010,872,131,126,5,5,1
25011,872,3,54,8,8,1
25047,873,3,54,8,8,1
25046,873,131,136,5,5,1
25041,873,6,245,3,3,3
25040,873,9,297,1,1,4
25039,873,1,261,2,2,5
25059,874,3,58,8,8,1
25058,874,131,136,5,5,1
25053,874,6,263,3,3,3
25052,874,9,324,1,1,5
25051,874,1,283,2,2,5
25063,875,1,284,3,3,5
25064,875,9,367,1,1,6
25065,875,6,290,2,2,3
25070,875,131,136,5,5,1
25071,875,3,58,8,8,1
25095,876,3,59,8,8,1
25094,876,131,136,5,5,1
25089,876,6,316,2,2,3
25088,876,9,407,1,1,7
25087,876,1,306,3,3,5
25099,877,1,318,3,3,5
25100,877,9,422,1,1,7
25101,877,6,340,2,2,3
25106,877,131,136,5,5,1
25107,877,3,73,8,8,1
25111,878,1,353,3,3,6
25112,878,9,440,1,1,7
25113,878,6,367,2,2,3
25118,878,131,136,5,5,1
25119,878,3,76,8,8,1
25123,879,1,378,3,3,7
25124,879,9,460,1,1,7
25125,879,6,400,2,2,3
25130,879,131,142,5,5,1
25131,879,3,76,8,8,1
25136,880,6,30,1,1,0
25137,880,9,23,3,3,0
25138,880,131,10,4,4,0
25140,880,1,2,6,6,0
25143,880,3,0,9,9,0
25147,881,6,40,3,3,0
25148,881,9,66,1,1,1
25149,881,131,37,4,4,0
25151,881,1,4,7,7,0
25154,881,3,0,9,9,0
25158,882,6,73,2,2,1
25159,882,9,78,1,1,1
25160,882,131,52,4,4,0
25162,882,1,14,5,5,0
25165,882,3,0,9,9,0
25169,883,6,77,3,3,1
25170,883,9,109,1,1,2
25171,883,131,64,4,4,0
25173,883,1,23,6,6,0
25176,883,3,0,9,9,0
25180,884,6,117,2,2,2
25181,884,9,131,1,1,2
25182,884,131,72,4,4,0
25184,884,1,29,6,6,0
25187,884,3,0,9,9,0
25191,885,6,123,2,2,2
25192,885,9,164,1,1,2
25193,885,131,109,4,4,1
25195,885,1,37,6,6,0
25198,885,3,0,9,9,0
25202,886,6,145,2,2,2
25203,886,9,201,1,1,3
25204,886,131,134,3,3,1
25206,886,1,37,6,6,0
25209,886,3,0,9,9,0
25213,887,6,168,3,3,2
25214,887,9,219,1,1,3
25215,887,131,171,2,2,2
25217,887,1,37,6,6,0
25220,887,3,0,9,9,0
25224,888,6,180,3,3,2
25225,888,9,250,1,1,4
25226,888,131,183,2,2,2
25228,888,1,49,6,6,0
25231,888,3,0,9,9,0
25235,890,6,194,3,3,2
25236,890,9,277,1,1,4
25237,890,131,208,2,2,3
25239,890,1,57,6,6,0
25242,890,3,1,9,9,0
25246,891,6,218,3,3,2
25247,891,9,312,1,1,5
25248,891,131,235,2,2,3
25250,891,1,65,5,5,0
25253,891,3,1,9,9,0
25286,893,3,1,9,9,0
25283,893,1,76,5,5,0
25281,893,131,267,3,3,3
25280,893,9,377,1,1,7
25279,893,6,274,2,2,2
25268,892,6,248,2,2,2
25269,892,9,352,1,1,6
25270,892,131,245,3,3,3
25272,892,1,66,5,5,0
25275,892,3,1,9,9,0
25290,894,6,284,2,2,2
25291,894,9,402,1,1,8
25292,894,131,283,3,3,3
25294,894,1,81,5,5,0
25297,894,3,1,9,9,0
25301,895,6,297,2,2,2
25302,895,9,445,1,1,9
25303,895,131,287,3,3,3
25305,895,1,83,5,5,0
25308,895,3,1,9,9,0
25312,896,6,309,3,3,2
25313,896,9,470,1,1,10
25314,896,131,313,2,2,3
25316,896,1,93,5,5,0
25319,896,3,1,9,9,0
25323,897,6,323,3,3,2
25324,897,9,513,1,1,11
25325,897,131,334,2,2,3
25327,897,1,95,5,5,0
25330,897,3,1,9,9,0
25334,898,6,333,3,3,2
25335,898,9,553,1,1,12
25336,898,131,348,2,2,3
25338,898,1,102,5,5,0
25341,898,3,5,9,9,0
25345,899,6,354,3,3,2
25346,899,9,596,1,1,13
25347,899,131,360,2,2,3
25349,899,1,122,5,5,0
25352,899,3,5,9,9,0
25524,257,1,0,12,12,0
25733,36,6,13,1,1,1
25943,901,1,43,2,2,0
25942,901,131,68,1,1,2
25941,900,9,0,11,11,0
25934,900,3,10,4,4,0
25933,900,6,18,3,3,0
25932,900,1,33,1,1,0
25931,900,131,25,2,2,1
25944,901,6,30,3,3,0
25945,901,3,20,4,4,0
25952,901,9,15,6,6,0
25953,902,131,111,1,1,3
25954,902,1,43,3,3,0
25955,902,6,33,5,5,0
25956,902,3,30,6,6,0
25963,902,9,35,4,4,0
25964,903,131,154,1,1,4
25965,903,1,43,5,5,0
25966,903,6,52,4,4,0
25967,903,3,36,6,6,0
25974,903,9,57,2,2,0
25975,904,131,197,1,1,5
25976,904,1,43,6,6,0
25977,904,6,66,3,3,0
25978,904,3,46,5,5,0
25985,904,9,84,2,2,0
25986,905,131,240,1,1,6
25987,905,1,52,5,5,0
25988,905,6,78,3,3,0
25989,905,3,52,6,6,0
25996,905,9,99,2,2,0
25997,906,131,258,1,1,6
25998,906,1,66,5,5,0
25999,906,6,87,3,3,0
26000,906,3,58,6,6,0
26007,906,9,139,2,2,1
26008,907,131,301,1,1,7
26009,907,1,72,6,6,0
26010,907,6,98,3,3,0
26011,907,3,85,5,5,0
26018,907,9,143,2,2,1
26019,908,131,326,1,1,8
26020,908,1,90,6,6,0
26021,908,6,106,3,3,0
26022,908,3,103,4,4,0
26029,908,9,168,2,2,1
26030,909,131,366,1,1,9
26031,909,1,96,6,6,0
26032,909,6,116,4,4,0
26033,909,3,121,3,3,0
26040,909,9,188,2,2,1
26041,910,131,393,1,1,9
26042,910,1,97,6,6,0
26043,910,6,142,3,3,0
26044,910,3,135,4,4,0
26051,910,9,219,2,2,2
26052,911,131,411,1,1,9
26053,911,1,105,5,5,0
26054,911,6,160,3,3,0
26055,911,3,150,4,4,0
26062,911,9,254,2,2,3
26063,912,131,454,1,1,10
26064,912,1,110,5,5,0
26065,912,6,162,4,4,0
26066,912,3,177,3,3,0
26073,912,9,272,2,2,3
26074,913,131,479,1,1,11
26075,913,1,111,6,6,0
26076,913,6,178,4,4,0
26077,913,3,187,3,3,0
26084,913,9,305,2,2,3
26085,914,131,522,1,1,12
26086,914,1,121,6,6,0
26087,914,6,178,4,4,0
26088,914,3,201,3,3,0
26095,914,9,332,2,2,3
26096,915,131,565,1,1,13
26097,915,1,143,5,5,0
26098,915,6,188,4,4,0
26099,915,3,216,3,3,0
26106,915,9,342,2,2,3
26107,916,131,608,1,1,14
26108,916,1,147,5,5,0
26109,916,6,196,4,4,0
26110,916,3,238,3,3,0
26117,916,9,363,2,2,3
26118,917,131,651,1,1,15
26119,917,1,161,5,5,0
26120,917,6,210,4,4,0
26121,917,3,254,3,3,0
26128,917,9,373,2,2,3
26129,918,131,701,1,1,16
26130,918,1,181,5,5,0
26131,918,6,216,4,4,0
26132,918,3,320,3,3,0
26139,918,9,405,2,2,3
26733,969,6,37,1,1,1
26140,926,131,43,1,1,1
26141,926,6,15,2,2,0
26142,926,3,12,4,4,0
26144,926,9,8,5,5,0
26147,926,1,0,8,8,0
26149,927,131,76,1,1,1
26150,927,6,52,2,2,1
26151,927,3,30,3,3,0
26153,927,9,11,6,6,0
26156,927,1,0,9,9,0
26159,928,131,119,1,1,2
26160,928,6,79,2,2,1
26161,928,3,48,3,3,0
26163,928,9,13,5,5,0
26166,928,1,0,9,9,0
26169,929,131,159,1,1,3
26170,929,6,107,2,2,1
26171,929,3,61,3,3,0
26173,929,9,23,4,4,0
26176,929,1,0,9,9,0
26179,930,131,202,1,1,4
26180,930,6,132,2,2,1
26181,930,3,81,3,3,0
26183,930,9,30,4,4,0
26186,930,1,0,9,9,0
26189,931,131,242,1,1,5
26190,931,6,158,2,2,1
26191,931,3,81,3,3,0
26193,931,9,52,4,4,0
26196,931,1,4,9,9,0
26199,932,131,285,1,1,6
26200,932,6,180,2,2,1
26201,932,3,104,3,3,0
26203,932,9,54,4,4,0
26206,932,1,4,9,9,0
26209,933,131,328,1,1,7
26210,933,6,192,2,2,1
26211,933,3,129,3,3,0
26213,933,9,55,4,4,0
26216,933,1,4,9,9,0
26219,934,131,371,1,1,8
26220,934,6,211,2,2,1
26221,934,3,151,3,3,0
26223,934,9,63,4,4,0
26226,934,1,5,9,9,0
26229,936,131,383,1,1,8
26230,936,6,236,2,2,2
26231,936,3,151,3,3,0
26233,936,9,96,4,4,0
26236,936,1,17,9,9,0
26260,938,131,451,1,1,10
26257,937,1,17,9,9,0
26252,937,3,161,3,3,0
26254,937,9,108,4,4,0
26251,937,6,242,2,2,2
26250,937,131,426,1,1,9
26261,938,6,270,2,2,2
26262,938,3,188,3,3,0
26264,938,9,113,4,4,0
26267,938,1,17,9,9,0
26270,939,131,463,1,1,10
26271,939,6,310,2,2,3
26272,939,3,198,3,3,0
26274,939,9,139,4,4,0
26277,939,1,17,9,9,0
26297,940,1,17,9,9,0
26294,940,9,139,4,4,0
26292,940,3,208,3,3,0
26291,940,6,337,2,2,3
26290,940,131,506,1,1,11
26382,941,1,19,9,9,0
26379,941,9,149,4,4,0
26377,941,3,220,3,3,0
26376,941,6,359,2,2,3
26375,941,131,531,1,1,12
26392,942,1,27,9,9,0
26387,942,3,220,3,3,0
26389,942,9,150,4,4,0
26386,942,6,374,2,2,3
26385,942,131,574,1,1,13
26402,943,1,27,9,9,0
26397,943,3,243,3,3,0
26399,943,9,172,4,4,0
26396,943,6,374,2,2,3
26395,943,131,617,1,1,14
26412,944,1,27,9,9,0
26407,944,3,253,3,3,0
26409,944,9,178,4,4,0
26406,944,6,401,2,2,3
26405,944,131,660,1,1,15
26433,945,1,27,9,9,0
26428,945,3,257,3,3,0
26430,945,9,187,4,4,0
26427,945,6,428,2,2,3
26426,945,131,703,1,1,16
26524,955,131,258,1,1,7
26557,948,131,43,1,1,1
26565,948,1,0,9,9,0
26561,948,210,8,5,5,0
26560,948,3,14,3,3,0
26559,948,9,12,4,4,0
26558,948,6,15,2,2,0
26447,949,131,83,1,1,2
26448,949,6,33,2,2,0
26449,949,9,30,3,3,0
26450,949,3,20,4,4,0
26451,949,210,18,5,5,0
26455,949,1,1,8,8,0
26458,950,131,114,1,1,3
26459,950,6,61,2,2,0
26460,950,9,57,3,3,0
26461,950,3,29,4,4,0
26462,950,210,18,5,5,0
26466,950,1,1,8,8,0
26469,951,131,157,1,1,4
26470,951,6,76,2,2,0
26471,951,9,57,3,3,0
26472,951,3,51,4,4,0
26473,951,210,22,5,5,0
26477,951,1,10,7,7,0
26480,952,131,157,1,1,4
26481,952,6,109,2,2,0
26482,952,9,94,3,3,1
26483,952,3,65,4,4,0
26484,952,210,22,6,6,0
26488,952,1,12,8,8,0
26491,953,131,188,1,1,5
26492,953,6,121,2,2,0
26493,953,9,112,3,3,1
26494,953,3,66,4,4,0
26495,953,210,22,8,8,0
26499,953,1,24,7,7,0
26502,954,131,223,1,1,6
26503,954,6,147,2,2,0
26504,954,9,130,3,3,1
26505,954,3,81,4,4,0
26506,954,210,22,8,8,0
26510,954,1,24,7,7,0
26525,955,6,177,2,2,0
26526,955,9,140,3,3,1
26527,955,3,90,4,4,0
26528,955,210,22,8,8,0
26532,955,1,24,7,7,0
26535,956,131,295,1,1,8
26536,956,6,192,2,2,0
26537,956,9,168,3,3,1
26538,956,3,92,4,4,0
26539,956,210,28,8,8,0
26543,956,1,32,7,7,0
26546,957,131,335,1,1,9
26547,957,6,204,2,2,0
26548,957,9,198,3,3,1
26549,957,3,92,4,4,0
26550,957,210,28,8,8,0
26554,957,1,32,7,7,0
26568,958,131,378,1,1,10
26569,958,6,224,2,2,0
26570,958,9,223,3,3,1
26571,958,3,94,4,4,0
26572,958,210,28,8,8,0
26576,958,1,38,7,7,0
26579,959,131,415,1,1,11
26580,959,6,242,3,3,0
26581,959,9,256,2,2,1
26582,959,3,96,4,4,0
26583,959,210,28,8,8,0
26587,959,1,42,7,7,0
26590,960,131,455,1,1,12
26591,960,6,252,3,3,0
26592,960,9,274,2,2,1
26593,960,3,101,5,5,0
26594,960,210,28,8,8,0
26598,960,1,48,6,6,0
26601,961,131,498,1,1,13
26602,961,6,279,3,3,0
26603,961,9,290,2,2,1
26604,961,3,111,4,4,0
26605,961,210,28,8,8,0
26609,961,1,48,6,6,0
26612,962,131,538,1,1,14
26613,962,6,301,3,3,0
26614,962,9,316,2,2,1
26615,962,3,111,5,5,0
26616,962,210,28,8,8,0
26620,962,1,54,6,6,0
26623,963,131,553,1,1,14
26624,963,6,313,3,3,0
26625,963,9,359,2,2,2
26626,963,3,121,5,5,0
26627,963,210,28,8,8,0
26631,963,1,62,6,6,0
26634,964,131,593,1,1,15
26635,964,6,335,3,3,0
26636,964,9,385,2,2,2
26637,964,3,124,5,5,0
26638,964,210,28,8,8,0
26642,964,1,62,6,6,0
26712,967,6,375,3,3,0
26697,965,1,74,6,6,0
26711,967,131,722,1,1,18
26690,965,6,347,3,3,0
26692,965,3,130,5,5,0
26693,965,210,29,8,8,0
26691,965,9,400,2,2,2
26689,965,131,636,1,1,16
26708,966,1,74,6,6,0
26701,966,6,365,3,3,0
26703,966,3,136,5,5,0
26704,966,210,29,8,8,0
26702,966,9,427,2,2,2
26700,966,131,679,1,1,17
26713,967,9,446,2,2,2
26714,967,3,136,5,5,0
26715,967,210,29,8,8,0
26719,967,1,75,6,6,0
26722,968,131,765,1,1,19
26723,968,6,398,3,3,0
26724,968,9,468,2,2,2
26725,968,3,138,5,5,0
26726,968,210,29,8,8,0
26730,968,1,76,6,6,0
26734,969,131,33,2,2,0
26735,969,9,10,3,3,0
26736,969,3,8,4,4,0
26741,969,1,0,9,9,0
26742,969,210,0,10,10,0
26743,970,6,65,2,2,1
26744,970,131,66,1,1,1
26745,970,9,37,3,3,0
26746,970,3,8,6,6,0
26751,970,1,0,10,10,0
26752,970,210,4,7,7,0
26753,971,6,102,1,1,2
26754,971,131,99,2,2,1
26755,971,9,47,3,3,0
26756,971,3,16,5,5,0
26761,971,1,0,10,10,0
26762,971,210,8,7,7,0
26763,972,6,135,2,2,2
26764,972,131,136,1,1,2
26765,972,9,57,3,3,0
26766,972,3,18,5,5,0
26771,972,1,0,10,10,0
26772,972,210,8,7,7,0
26773,973,6,153,2,2,2
26774,973,131,161,1,1,3
26775,973,9,72,3,3,0
26776,973,3,18,6,6,0
26781,973,1,0,10,10,0
26782,973,210,9,8,8,0
26783,974,6,196,1,1,3
26784,974,131,179,2,2,3
26785,974,9,97,3,3,0
26786,974,3,20,6,6,0
26791,974,1,0,10,10,0
26792,974,210,14,8,8,0
26793,975,6,214,2,2,3
26794,975,131,222,1,1,4
26795,975,9,112,3,3,0
26796,975,3,22,6,6,0
26801,975,1,0,10,10,0
26802,975,210,15,8,8,0
26803,976,6,226,2,2,3
26804,976,131,250,1,1,4
26805,976,9,137,3,3,1
26806,976,3,37,5,5,0
26811,976,1,2,10,10,0
26812,976,210,21,7,7,0
26813,977,6,254,2,2,3
26814,977,131,287,1,1,5
26815,977,9,152,3,3,1
26816,977,3,40,5,5,0
26821,977,1,2,10,10,0
26822,977,210,29,7,7,0
26823,978,6,275,2,2,3
26824,978,131,330,1,1,6
26825,978,9,174,3,3,1
26826,978,3,41,5,5,0
26831,978,1,2,10,10,0
26832,978,210,29,7,7,0
26833,979,6,318,2,2,4
26834,979,131,357,1,1,6
26835,979,9,184,3,3,1
26836,979,3,41,5,5,0
26841,979,1,11,9,9,0
26842,979,210,29,7,7,0
26843,980,6,348,2,2,4
26844,980,131,392,1,1,7
26845,980,9,199,3,3,1
26846,980,3,45,5,5,0
26851,980,1,11,9,9,0
26852,980,210,35,7,7,0
26853,981,6,373,2,2,4
26854,981,131,435,1,1,8
26855,981,9,212,3,3,1
26856,981,3,55,5,5,0
26861,981,1,11,9,9,0
26862,981,210,35,7,7,0
26863,982,6,373,2,2,4
26864,982,131,475,1,1,9
26865,982,9,230,3,3,1
26866,982,3,59,5,5,0
26871,982,1,17,9,9,0
26872,982,210,37,8,8,0
26873,983,6,385,2,2,4
26874,983,131,503,1,1,9
26875,983,9,270,3,3,2
26876,983,3,65,5,5,0
26881,983,1,23,9,9,0
26882,983,210,37,8,8,0
26883,984,6,395,2,2,4
26884,984,131,540,1,1,10
26885,984,9,303,3,3,2
26886,984,3,66,5,5,0
26891,984,1,23,9,9,0
26892,984,210,43,7,7,0
26893,985,6,428,2,2,4
26894,985,131,575,1,1,11
26895,985,9,315,3,3,2
26896,985,3,68,5,5,0
26901,985,1,23,9,9,0
26902,985,210,43,8,8,0
26903,986,6,455,2,2,4
26904,986,131,595,1,1,11
26905,986,9,340,3,3,3
26906,986,3,76,5,5,0
26911,986,1,24,9,9,0
26912,986,210,47,8,8,0
26913,987,6,495,2,2,5
26914,987,131,625,1,1,11
26915,987,9,358,3,3,3
26916,987,3,82,5,5,0
26921,987,1,28,9,9,0
26922,987,210,47,8,8,0
26923,988,6,522,2,2,5
26924,988,131,668,1,1,12
26925,988,9,368,3,3,3
26926,988,3,83,5,5,0
26931,988,1,30,9,9,0
26932,988,210,47,8,8,0
26933,989,6,40,1,1,1
26934,989,131,22,2,2,0
26935,989,9,20,3,3,0
26936,989,1,12,4,4,0
26940,989,3,0,8,8,0
26942,989,210,0,10,10,0
26982,990,210,10,7,7,0
26980,990,3,0,10,10,0
26975,990,9,20,4,4,0
26976,990,1,22,3,3,0
26974,990,131,55,2,2,0
26973,990,6,65,1,1,2
26963,991,6,84,2,2,2
26964,991,131,85,1,1,0
26965,991,9,55,3,3,1
26966,991,1,28,4,4,0
26970,991,3,0,10,10,0
26972,991,210,11,7,7,0
26983,992,6,114,1,1,2
26984,992,131,110,2,2,1
26985,992,9,55,3,3,1
26986,992,1,36,4,4,0
26990,992,3,4,10,10,0
26992,992,210,11,8,8,0
26993,993,6,126,2,2,2
26994,993,131,153,1,1,2
26995,993,9,80,3,3,1
26996,993,1,40,5,5,0
27000,993,3,4,10,10,0
27002,993,210,19,6,6,0
27003,994,6,156,2,2,2
27004,994,131,178,1,1,2
27005,994,9,107,3,3,2
27006,994,1,40,5,5,0
27010,994,3,4,10,10,0
27012,994,210,19,8,8,0
27013,995,6,189,2,2,3
27014,995,131,206,1,1,2
27015,995,9,134,3,3,2
27016,995,1,40,5,5,0
27020,995,3,4,10,10,0
27022,995,210,19,8,8,0
27023,996,6,214,2,2,3
27024,996,131,237,1,1,3
27025,996,9,164,3,3,2
27026,996,1,40,5,5,0
27030,996,3,4,10,10,0
27032,996,210,27,7,7,0
27033,997,6,247,1,1,3
27034,997,131,237,2,2,3
27035,997,9,189,3,3,3
27036,997,1,44,6,6,0
27040,997,3,4,10,10,0
27042,997,210,49,5,5,0
27043,998,6,287,1,1,4
27044,998,131,267,2,2,3
27045,998,9,199,3,3,3
27046,998,1,48,7,7,0
27050,998,3,4,10,10,0
27052,998,210,51,5,5,0
27053,999,6,302,2,2,4
27054,999,131,310,1,1,4
27055,999,9,211,3,3,3
27056,999,1,48,7,7,0
27060,999,3,4,10,10,0
27062,999,210,59,6,6,0
27063,1000,6,335,2,2,4
27064,1000,131,345,1,1,5
27065,1000,9,223,3,3,3
27066,1000,1,52,7,7,0
27070,1000,3,4,10,10,0
27072,1000,210,66,5,5,0
27073,1001,6,360,2,2,5
27074,1001,131,375,1,1,5
27075,1001,9,238,3,3,3
27076,1001,1,52,6,6,0
27080,1001,3,4,10,10,0
27082,1001,210,76,5,5,0
27100,1002,3,7,10,10,0
27096,1002,1,52,6,6,0
27094,1002,131,415,1,1,6
27102,1002,210,76,5,5,0
27093,1002,6,390,2,2,5
27095,1002,9,248,3,3,3
27103,1003,6,415,2,2,5
27104,1003,131,452,1,1,7
27105,1003,9,274,3,3,3
27106,1003,1,58,6,6,0
27110,1003,3,7,10,10,0
27112,1003,210,76,5,5,0
27113,1004,6,442,2,2,5
27114,1004,131,495,1,1,8
27115,1004,9,292,3,3,3
27116,1004,1,58,6,6,0
27120,1004,3,7,10,10,0
27122,1004,210,80,5,5,0
27123,1005,6,460,2,2,5
27124,1005,131,538,1,1,9
27125,1005,9,319,3,3,3
27126,1005,1,58,6,6,0
27130,1005,3,7,10,10,0
27132,1005,210,84,5,5,0
27152,1006,210,84,5,5,0
27150,1006,3,7,10,10,0
27146,1006,1,58,6,6,0
27144,1006,131,563,1,1,9
27143,1006,6,497,2,2,6
27145,1006,9,337,3,3,3
27153,1007,6,530,2,2,6
27154,1007,131,585,1,1,9
27155,1007,9,362,3,3,4
27156,1007,1,62,6,6,0
27160,1007,3,7,10,10,0
27162,1007,210,84,5,5,0
27163,1008,6,553,2,2,6
27164,1008,131,620,1,1,10
27165,1008,9,392,3,3,4
27166,1008,1,62,6,6,0
27170,1008,3,7,10,10,0
27172,1008,210,90,5,5,0
27173,1009,6,571,2,2,6
27174,1009,131,655,1,1,11
27175,1009,9,419,3,3,4
27176,1009,1,62,6,6,0
27180,1009,3,7,10,10,0
27182,1009,210,93,5,5,0
27196,1010,210,8,4,4,0
27195,1010,6,22,2,2,0
27194,1010,9,15,3,3,0
27193,1010,131,44,1,1,1
27198,1010,51,4,6,6,0
27201,1010,1,0,9,9,0
27202,1010,3,0,10,10,0
27223,1012,131,130,1,1,3
27222,1011,3,0,10,10,0
27215,1011,6,48,2,2,0
27221,1011,1,8,5,5,0
27218,1011,51,10,4,4,0
27214,1011,9,31,3,3,0
27216,1011,210,8,6,6,0
27213,1011,131,87,1,1,2
27224,1012,9,52,3,3,0
27225,1012,6,73,2,2,0
27226,1012,210,8,6,6,0
27228,1012,51,12,5,5,0
27231,1012,1,8,7,7,0
27232,1012,3,0,10,10,0
27233,1013,131,173,1,1,4
27234,1013,9,64,3,3,0
27235,1013,6,99,2,2,0
27236,1013,210,8,8,8,0
27238,1013,51,13,6,6,0
27241,1013,1,18,4,4,0
27242,1013,3,0,10,10,0
27243,1014,131,217,1,1,5
27244,1014,9,87,3,3,0
27245,1014,6,121,2,2,0
27246,1014,210,15,6,6,0
27248,1014,51,13,7,7,0
27251,1014,1,22,4,4,0
27252,1014,3,0,10,10,0
27253,1015,131,257,1,1,6
27254,1015,9,110,3,3,0
27255,1015,6,139,2,2,0
27256,1015,210,16,6,6,0
27258,1015,51,13,9,9,0
27261,1015,1,30,4,4,0
27262,1015,3,0,10,10,0
27263,1016,131,295,1,1,7
27264,1016,9,124,3,3,0
27265,1016,6,172,2,2,0
27266,1016,210,16,8,8,0
27268,1016,51,13,9,9,0
27271,1016,1,30,4,4,0
27272,1016,3,0,10,10,0
27302,1017,3,0,10,10,0
27304,1018,9,169,3,3,1
27303,1018,131,363,1,1,8
27301,1017,1,40,4,4,0
27298,1017,51,19,7,7,0
27296,1017,210,16,9,9,0
27295,1017,6,198,2,2,0
27294,1017,9,137,3,3,0
27293,1017,131,338,1,1,8
27305,1018,6,228,2,2,0
27306,1018,210,16,9,9,0
27308,1018,51,22,6,6,0
27311,1018,1,52,4,4,0
27312,1018,3,0,10,10,0
27313,1019,131,407,1,1,9
27314,1019,9,191,3,3,1
27315,1019,6,243,2,2,0
27316,1019,210,16,9,9,0
27318,1019,51,26,6,6,0
27321,1019,1,60,4,4,0
27322,1019,3,0,10,10,0
27341,1020,1,70,4,4,0
27338,1020,51,26,9,9,0
27336,1020,210,26,8,8,0
27335,1020,6,261,2,2,0
27342,1020,3,1,10,10,0
27334,1020,9,217,3,3,2
27333,1020,131,409,1,1,9
27343,1021,131,438,1,1,10
27344,1021,9,244,3,3,2
27345,1021,6,288,2,2,0
27346,1021,210,26,9,9,0
27348,1021,51,32,7,7,0
27351,1021,1,82,4,4,0
27352,1021,3,1,10,10,0
27353,1022,131,471,1,1,10
27354,1022,9,254,3,3,2
27355,1022,6,326,2,2,1
27356,1022,210,26,9,9,0
27358,1022,51,32,8,8,0
27361,1022,1,82,4,4,0
27362,1022,3,1,10,10,0
27363,1023,131,505,1,1,10
27364,1023,9,266,3,3,2
27365,1023,6,351,2,2,2
27366,1023,210,26,9,9,0
27368,1023,51,34,8,8,0
27371,1023,1,83,4,4,0
27372,1023,3,1,10,10,0
27373,1024,131,527,1,1,10
27374,1024,9,289,3,3,2
27375,1024,6,394,2,2,3
27376,1024,210,26,9,9,0
27378,1024,51,35,8,8,0
27381,1024,1,89,4,4,0
27382,1024,3,1,10,10,0
27383,1025,131,571,1,1,11
27384,1025,9,311,3,3,2
27385,1025,6,409,2,2,3
27386,1025,210,28,9,9,0
27388,1025,51,35,8,8,0
27391,1025,1,101,4,4,0
27392,1025,3,1,10,10,0
27422,1026,3,1,10,10,0
27421,1026,1,111,4,4,0
27418,1026,51,35,8,8,0
27415,1026,6,435,2,2,3
27414,1026,9,323,3,3,2
27416,1026,210,28,9,9,0
27413,1026,131,612,1,1,12
27432,1027,3,1,10,10,0
27431,1027,1,111,4,4,0
27428,1027,51,35,8,8,0
27425,1027,6,466,2,2,3
27424,1027,9,341,3,3,2
27426,1027,210,28,9,9,0
27423,1027,131,652,1,1,13
27433,1028,131,695,1,1,14
27434,1028,9,366,3,3,2
27435,1028,6,479,2,2,3
27436,1028,210,28,9,9,0
27438,1028,51,35,8,8,0
27441,1028,1,121,4,4,0
27442,1028,3,1,10,10,0
27443,1029,131,701,1,1,14
27444,1029,9,391,3,3,3
27445,1029,6,479,2,2,3
27446,1029,210,28,9,9,0
27448,1029,51,57,8,8,0
27451,1029,1,140,4,4,0
27452,1029,3,1,10,10,0
27453,1030,131,739,1,1,15
27454,1030,9,417,3,3,3
27455,1030,6,504,2,2,3
27456,1030,210,28,9,9,0
27458,1030,51,57,8,8,0
27461,1030,1,145,4,4,0
27462,1030,3,1,10,10,0
27522,1034,210,1,9,9,0
27521,1034,9,78,2,2,0
27520,1034,3,0,10,10,0
27519,1034,51,2,8,8,0
27517,1034,213,13,7,7,0
27515,1034,1,51,3,3,0
27514,1034,6,43,4,4,0
27513,1034,131,146,1,1,4
27583,1040,131,366,1,1,8
27582,1031,210,0,10,10,0
27581,1031,9,0,9,9,0
27580,1031,3,0,8,8,0
27579,1031,51,2,7,7,0
27577,1031,213,6,5,5,0
27575,1031,1,26,2,2,0
27574,1031,6,19,3,3,0
27573,1031,131,37,1,1,1
27483,1032,131,80,1,1,2
27484,1032,6,19,5,5,0
27485,1032,1,39,2,2,0
27487,1032,213,7,7,7,0
27489,1032,51,2,8,8,0
27490,1032,3,0,9,9,0
27491,1032,9,27,3,3,0
27492,1032,210,0,10,10,0
27511,1033,9,55,2,2,0
27510,1033,3,0,10,10,0
27507,1033,213,7,7,7,0
27504,1033,6,27,5,5,0
27505,1033,1,41,3,3,0
27512,1033,210,1,9,9,0
27509,1033,51,2,8,8,0
27503,1033,131,121,1,1,3
27523,1035,131,180,1,1,4
27524,1035,6,55,3,3,0
27525,1035,1,53,4,4,0
27527,1035,213,14,7,7,0
27529,1035,51,2,8,8,0
27530,1035,3,0,10,10,0
27531,1035,9,113,2,2,1
27532,1035,210,1,9,9,0
27533,1036,131,221,1,1,5
27534,1036,6,61,5,5,0
27535,1036,1,62,4,4,0
27537,1036,213,16,7,7,0
27539,1036,51,2,8,8,0
27540,1036,3,0,10,10,0
27541,1036,9,135,2,2,1
27542,1036,210,1,9,9,0
27543,1037,131,264,1,1,6
27544,1037,6,61,5,5,0
27545,1037,1,68,3,3,0
27547,1037,213,20,7,7,0
27549,1037,51,2,8,8,0
27550,1037,3,0,10,10,0
27551,1037,9,158,2,2,1
27552,1037,210,1,9,9,0
27553,1038,131,281,1,1,6
27554,1038,6,61,6,6,0
27555,1038,1,98,3,3,0
27557,1038,213,47,7,7,1
27559,1038,51,2,8,8,0
27560,1038,3,0,10,10,0
27561,1038,9,158,2,2,1
27562,1038,210,1,9,9,0
27563,1039,131,325,1,1,7
27564,1039,6,66,6,6,0
27565,1039,1,106,3,3,0
27567,1039,213,53,7,7,1
27569,1039,51,4,8,8,0
27570,1039,3,0,10,10,0
27571,1039,9,173,2,2,1
27572,1039,210,1,9,9,0
27584,1040,6,74,6,6,0
27585,1040,1,106,3,3,0
27587,1040,213,59,7,7,1
27589,1040,51,4,8,8,0
27590,1040,3,0,10,10,0
27591,1040,9,192,2,2,1
27592,1040,210,1,9,9,0
27593,1041,131,391,1,1,9
27594,1041,6,80,6,6,0
27595,1041,1,116,4,4,0
27597,1041,213,67,7,7,1
27599,1041,51,5,8,8,0
27600,1041,3,0,10,10,0
27601,1041,9,211,2,2,1
27602,1041,210,3,9,9,0
27603,1042,131,435,1,1,10
27604,1042,6,93,6,6,0
27605,1042,1,124,4,4,0
27607,1042,213,77,7,7,1
27609,1042,51,5,8,8,0
27610,1042,3,0,10,10,0
27611,1042,9,226,2,2,1
27612,1042,210,3,9,9,0
27613,1043,131,479,1,1,11
27614,1043,6,103,6,6,0
27615,1043,1,134,4,4,0
27617,1043,213,89,7,7,1
27619,1043,51,8,8,8,0
27620,1043,3,0,10,10,0
27621,1043,9,226,2,2,1
27622,1043,210,3,9,9,0
27623,1044,131,504,1,1,12
27624,1044,6,130,6,6,0
27625,1044,1,149,4,4,0
27627,1044,213,89,7,7,1
27629,1044,51,8,8,8,0
27630,1044,3,0,10,10,0
27631,1044,9,240,2,2,1
27632,1044,210,3,9,9,0
27633,1045,131,533,1,1,13
27634,1045,6,131,6,6,0
27635,1045,1,171,3,3,0
27637,1045,213,97,7,7,1
27639,1045,51,8,8,8,0
27640,1045,3,0,10,10,0
27641,1045,9,274,2,2,1
27642,1045,210,3,9,9,0
27643,1046,131,540,1,1,13
27644,1046,6,131,6,6,0
27645,1046,1,184,4,4,0
27647,1046,213,103,7,7,1
27649,1046,51,8,8,8,0
27650,1046,3,0,10,10,0
27651,1046,9,282,2,2,1
27652,1046,210,3,9,9,0
27653,1047,131,573,1,1,13
27654,1047,6,131,6,6,0
27655,1047,1,202,3,3,0
27657,1047,213,107,7,7,1
27659,1047,51,8,8,8,0
27660,1047,3,0,10,10,0
27661,1047,9,319,2,2,2
27662,1047,210,3,9,9,0
27912,1051,210,0,10,10,0
27911,1051,3,23,8,8,0
27910,1051,214,137,5,5,1
27909,1051,51,11,9,9,0
27908,1051,117,77,7,7,0
27907,1051,213,112,6,6,0
27906,1051,6,297.5,3,3,0
27905,1051,1,258,4,4,1
27904,1051,9,541.5,2,2,10
27903,1051,131,546.5,1,1,8
27673,1052,131,41,1,1,1
27674,1052,9,28,2,2,0
27675,1052,1,18,3,3,0
27676,1052,6,12,4,4,0
27677,1052,213,2,5,5,0
27678,1052,117,1,6,6,0
27679,1052,51,0,7,7,0
27680,1052,214,0,8,8,0
27681,1052,3,0,9,9,0
27682,1052,210,0,10,10,0
27711,1053,3,0,9,9,0
27709,1053,51,0,8,8,0
27712,1053,210,0,10,10,0
27704,1053,9,53,2,2,1
27705,1053,1,41,3,3,0
27710,1053,214,3,7,7,0
27708,1053,117,5,6,6,0
27707,1053,213,8,5,5,0
27706,1053,6,34,4,4,0
27703,1053,131,60,1,1,1
27713,1054,131,101,1,1,2
27714,1054,9,83,2,2,1
27715,1054,1,53,3,3,0
27716,1054,6,42,4,4,0
27717,1054,213,9,6,6,0
27718,1054,117,5,7,7,0
27719,1054,51,0,8,8,0
27720,1054,214,13,5,5,0
27721,1054,3,0,9,9,0
27722,1054,210,0,10,10,0
27723,1055,131,141,1,1,3
27724,1055,9,112,2,2,1
27725,1055,1,65,3,3,0
27726,1055,6,60,4,4,0
27727,1055,213,10,6,6,0
27728,1055,117,5,7,7,0
27729,1055,51,0,8,8,0
27730,1055,214,15,5,5,0
27731,1055,3,0,9,9,0
27732,1055,210,0,10,10,0
27733,1056,131,148,2,2,3
27734,1056,9,149,1,1,2
27735,1056,1,80,3,3,0
27736,1056,6,78,4,4,0
27737,1056,213,18,6,6,0
27738,1056,117,19,5,5,0
27739,1056,51,1,8,8,0
27740,1056,214,17,7,7,0
27741,1056,3,0,9,9,0
27742,1056,210,0,10,10,0
27743,1057,131,148,2,2,3
27744,1057,9,174,1,1,3
27745,1057,1,92,4,4,0
27746,1057,6,94,3,3,0
27747,1057,213,39,5,5,0
27748,1057,117,37,6,6,0
27749,1057,51,2,8,8,0
27750,1057,214,25,7,7,0
27751,1057,3,0,10,10,0
27752,1057,210,0,9,9,0
27753,1059,131,178,2,2,3
27754,1059,9,215,1,1,4
27755,1059,1,110,3,3,0
27756,1059,6,94,4,4,0
27757,1059,213,45,5,5,0
27758,1059,117,40,6,6,0
27759,1059,51,2,8,8,0
27760,1059,214,29,7,7,0
27761,1059,3,0,9,9,0
27762,1059,210,0,10,10,0
27763,1058,131,212,2,2,3
27764,1058,9,252,1,1,5
27765,1058,1,120,3,3,0
27766,1058,6,108,4,4,0
27767,1058,213,46,5,5,0
27768,1058,117,44,6,6,0
27769,1058,51,2,8,8,0
27770,1058,214,31,7,7,0
27771,1058,3,0,9,9,0
27772,1058,210,0,10,10,0
27792,1060,210,0,10,10,0
27787,1060,213,48,5,5,0
27786,1060,6,122,4,4,0
27791,1060,3,0,9,9,0
27790,1060,214,32,7,7,0
27789,1060,51,2,8,8,0
27788,1060,117,44,6,6,0
27785,1060,1,141,3,3,0
27784,1060,9,286,1,1,6
27783,1060,131,242,2,2,3
27793,1061,131,285,2,2,4
27794,1061,9,289,1,1,6
27795,1061,1,163,3,3,0
27796,1061,6,148,4,4,0
27797,1061,213,49,5,5,0
27798,1061,117,48,6,6,0
27799,1061,51,2,8,8,0
27800,1061,214,40,7,7,0
27801,1061,3,0,9,9,0
27802,1061,210,0,10,10,0
27820,1062,214,77,5,5,1
27819,1062,51,3,9,9,0
27818,1062,117,48,7,7,0
27817,1062,213,68,6,6,0
27815,1062,1,163,4,4,0
27822,1062,210,0,10,10,0
27821,1062,3,10,8,8,0
27816,1062,6,163,3,3,0
27814,1062,9,291,2,2,6
27813,1062,131,303,1,1,4
27823,1063,131,310.5,1,1,4
27824,1063,9,303.5,2,2,7
27825,1063,1,169,3,3,0
27826,1063,6,165.5,4,4,0
27827,1063,213,72,6,6,0
27828,1063,117,53,7,7,0
27829,1063,51,3,9,9,0
27830,1063,214,80,5,5,1
27831,1063,3,20,8,8,0
27832,1063,210,0,10,10,0
27833,1064,131,344.5,1,1,4
27834,1064,9,332.5,2,2,8
27835,1064,1,170,4,4,0
27836,1064,6,181.5,3,3,0
27837,1064,213,84,6,6,0
27838,1064,117,53,7,7,0
27839,1064,51,3,9,9,0
27840,1064,214,90,5,5,1
27841,1064,3,20,8,8,0
27842,1064,210,0,10,10,0
27843,1065,131,362.5,1,1,4
27844,1065,9,344.5,2,2,8
27845,1065,1,215,3,3,1
27846,1065,6,201.5,4,4,0
27847,1065,213,84,6,6,0
27848,1065,117,59,7,7,0
27849,1065,51,3,9,9,0
27850,1065,214,95,5,5,1
27851,1065,3,22,8,8,0
27852,1065,210,0,10,10,0
27853,1066,131,397.5,1,1,5
27854,1066,9,364.5,2,2,8
27855,1066,1,234,3,3,1
27856,1066,6,216.5,4,4,0
27857,1066,213,84,6,6,0
27858,1066,117,59,7,7,0
27859,1066,51,7,9,9,0
27860,1066,214,103,5,5,1
27861,1066,3,23,8,8,0
27862,1066,210,0,10,10,0
27863,1067,131,433.5,1,1,6
27864,1067,9,397.5,2,2,8
27865,1067,1,240,3,3,1
27866,1067,6,232.5,4,4,0
27867,1067,213,92,6,6,0
27868,1067,117,61,7,7,0
27869,1067,51,7,9,9,0
27870,1067,214,104,5,5,1
27871,1067,3,23,8,8,0
27872,1067,210,0,10,10,0
27873,1069,131,460.5,1,1,6
27874,1069,9,437.5,2,2,9
27875,1069,1,254,3,3,1
27876,1069,6,250.5,4,4,0
27877,1069,213,94,6,6,0
27878,1069,117,62,7,7,0
27879,1069,51,7,9,9,0
27880,1069,214,104,5,5,1
27881,1069,3,23,8,8,0
27882,1069,210,0,10,10,0
27883,1070,131,478.5,1,1,6
27884,1070,9,477.5,2,2,10
27885,1070,1,255,4,4,1
27886,1070,6,268.5,3,3,0
27887,1070,213,106,6,6,0
27888,1070,117,68,7,7,0
27889,1070,51,11,9,9,0
27890,1070,214,106,5,5,1
27891,1070,3,23,8,8,0
27892,1070,210,0,10,10,0
27893,1071,131,521.5,1,1,7
27894,1071,9,510.5,2,2,10
27895,1071,1,256,4,4,1
27896,1071,6,287.5,3,3,0
27897,1071,213,112,6,6,0
27898,1071,117,68,7,7,0
27899,1071,51,11,9,9,0
27900,1071,214,112,5,5,1
27901,1071,3,23,8,8,0
27902,1071,210,0,10,10,0
27913,1072,131,587.5,1,1,9
27914,1072,9,559.5,2,2,10
27915,1072,1,269,4,4,1
27916,1072,6,307.5,3,3,0
27917,1072,213,120,6,6,0
27918,1072,117,77,7,7,0
27919,1072,51,13,9,9,0
27920,1072,214,149,5,5,1
27921,1072,3,23,8,8,0
27922,1072,210,0,10,10,0
27923,1073,131,613.5,1,1,9
27924,1073,9,585.5,2,2,11
27925,1073,1,275,4,4,1
27926,1073,6,323.5,3,3,0
27927,1073,213,142,6,6,0
27928,1073,117,77,7,7,0
27929,1073,51,13,9,9,0
27930,1073,214,155,5,5,1
27931,1073,3,23,8,8,0
27932,1073,210,0,10,10,0
28142,1074,9,0,10,10,0
28141,1074,1,0,9,9,0
28140,1074,3,0,8,8,0
28139,1074,117,0,7,7,0
28138,1074,213,4,6,6,0
28137,1074,214,8,5,5,0
28136,1074,51,9,4,4,0
28135,1074,210,10,3,3,0
28134,1074,131,27,2,2,0
28133,1074,6,44,1,1,1
28143,1075,6,78,1,1,1
28144,1075,131,38,2,2,0
28145,1075,210,12,5,5,0
28146,1075,51,9,6,6,0
28147,1075,214,16,4,4,0
28148,1075,213,8,7,7,0
28149,1075,117,0,9,9,0
28150,1075,3,0,10,10,0
28151,1075,1,6,8,8,0
28152,1075,9,37,3,3,1
28153,1076,6,104,1,1,2
28154,1076,131,65,2,2,0
28155,1076,210,12,7,7,0
28156,1076,51,13,6,6,0
28157,1076,214,22,5,5,0
28158,1076,213,10,8,8,0
28159,1076,117,0,10,10,0
28160,1076,3,1,9,9,0
28161,1076,1,24,4,4,0
28162,1076,9,55,3,3,1
28163,1077,6,124,1,1,2
28164,1077,131,77,3,3,0
28165,1077,210,15,8,8,0
28166,1077,51,25,5,5,0
28167,1077,214,22,6,6,0
28168,1077,213,16,7,7,0
28169,1077,117,5,9,9,0
28170,1077,3,1,10,10,0
28171,1077,1,46,4,4,0
28172,1077,9,113,2,2,2
28173,1078,6,157,1,1,2
28174,1078,131,95,3,3,0
28175,1078,210,15,8,8,0
28176,1078,51,31,5,5,0
28177,1078,214,26,6,6,0
28178,1078,213,16,7,7,0
28179,1078,117,6,9,9,0
28180,1078,3,3,10,10,0
28181,1078,1,46,4,4,0
28182,1078,9,151,2,2,3
28183,1079,6,169,2,2,2
28184,1079,131,120,3,3,0
28185,1079,210,15,8,8,0
28186,1079,51,39,5,5,0
28187,1079,214,34,6,6,0
28188,1079,213,17,7,7,0
28189,1079,117,6,9,9,0
28190,1079,3,3,10,10,0
28191,1079,1,50,4,4,0
28192,1079,9,195,1,1,4
28193,1080,6,199,2,2,2
28194,1080,131,134,3,3,0
28195,1080,210,15,8,8,0
28196,1080,51,41,5,5,0
28197,1080,214,40,6,6,0
28198,1080,213,17,7,7,0
28199,1080,117,7,9,9,0
28200,1080,3,3,10,10,0
28201,1080,1,59,4,4,0
28202,1080,9,235,1,1,5
28203,1081,6,199,2,2,2
28204,1081,131,161,3,3,0
28205,1081,210,15,8,8,0
28206,1081,51,41,6,6,0
28207,1081,214,47,5,5,0
28208,1081,213,27,7,7,0
28209,1081,117,15,9,9,0
28210,1081,3,3,10,10,0
28211,1081,1,65,4,4,0
28212,1081,9,279,1,1,6
28232,1082,9,304,1,1,7
28231,1082,1,65,4,4,0
28230,1082,3,3,10,10,0
28228,1082,213,27,7,7,0
28225,1082,210,15,9,9,0
28223,1082,6,228,2,2,2
28224,1082,131,188,3,3,0
28229,1082,117,16,8,8,0
28227,1082,214,57,5,5,0
28226,1082,51,51,6,6,0
28233,1083,6,265,2,2,3
28234,1083,131,204,3,3,0
28235,1083,210,20,8,8,0
28236,1083,51,51,6,6,0
28237,1083,214,67,5,5,0
28238,1083,213,27,7,7,0
28239,1083,117,18,9,9,0
28240,1083,3,3,10,10,0
28241,1083,1,73,4,4,0
28242,1083,9,328,1,1,7
28243,1084,6,303,2,2,4
28244,1084,131,237,3,3,0
28245,1084,210,34,7,7,0
28246,1084,51,51,6,6,0
28247,1084,214,81,5,5,0
28248,1084,213,27,8,8,0
28249,1084,117,18,9,9,0
28250,1084,3,3,10,10,0
28251,1084,1,81,4,4,0
28252,1084,9,359,1,1,7
28253,1085,6,314,2,2,4
28254,1085,131,270,3,3,0
28255,1085,210,34,7,7,0
28256,1085,51,51,6,6,0
28257,1085,214,93,4,4,0
28258,1085,213,27,8,8,0
28259,1085,117,19,9,9,0
28260,1085,3,3,10,10,0
28261,1085,1,89,5,5,0
28262,1085,9,396,1,1,8
28263,1086,6,334,2,2,4
28264,1086,131,304,3,3,0
28265,1086,210,34,7,7,0
28266,1086,51,51,6,6,0
